Canonical_Smiles,Label
NC(=O)CNC(=O)c1cccc(-c2ccc(F)c3cc(Cc4cccc(C(F)(F)F)c4)sc23)c1,1
Cc1c(Cc2cccc(C(F)(F)F)c2)oc2c(-c3cccc(C(=O)NCCO)c3)cccc12,1
O=C(NCCO)c1cccc(-c2cccc3cn(Cc4cccc(C(F)(F)F)c4)nc23)c1,1
NC(=O)CNC(=O)c1cccc(-c2cccc3cc(Cc4cccc(C(F)(F)F)c4)sc23)c1,1
COCCNC(=O)c1cccc(-c2cccc3cc(Cc4cccc(C(F)(F)F)c4)sc23)c1,1
O=C(NCCO)c1cccc(-c2cccc3nn(Cc4cccc(C(F)(F)F)c4)cc23)c1,1
O=C(NCCO)c1cccc(-c2cccc3sc(Cc4cccc(C(F)(F)F)c4)cc23)c1,1
O=C(NCCO)c1cccc(-c2cccc3cc(Cc4cccc(C(F)(F)F)c4)sc23)c1,1
O=C(NCCO)c1cccc(-c2cccc3cc(Cc4cccc(C(F)(F)F)c4)oc23)c1,1
COCCNC(=O)c1cccc(-c2cccc3cc(Cc4cc(F)cc(Cl)c4)sc23)c1,1
O=C(NCCO)c1cccc(-c2cccc3oc(Cc4cccc(C(F)(F)F)c4)cc23)c1,1
O=C(NCCO)c1cccc(-c2cccc3oc(Cc4cccc(C(F)(F)F)c4)cc23)c1,1
Cc1nn(-c2cccc3cc(Cc4cccc(C(F)(F)F)c4)sc23)c(CO)c1C(=O)NCCO,1
O=C(NCCO)c1cccc(-c2cccc3oc(Cc4cccc(C(F)(F)F)c4)cc23)c1,1
Cc1nn(-c2cccc3cc(Cc4cccc(C(F)(F)F)c4)sc23)c(CO)c1C(=O)NCCO,1
CN(C)S(=O)(=O)c1ccc(NC(=S)NC(=O)c2ccc(-c3ccccc3)cc2)cc1,1
O=C(NC(=S)Nc1ccc(S(=O)(=O)NCCc2ccccc2)cc1)c1ccc(-c2ccccc2)cc1,1
COc1ccc2c(c1)OC(C)(C)c1cn(CNC(=O)CN3CCN(c4ccccc4)CC3)nc1-2,1
CC(C)CNS(=O)(=O)c1ccc(NC(=S)NC(=O)c2ccc(-c3ccccc3)cc2)cc1,1
COc1ccc2c(c1)OC(C)(C)c1cn(CNC(=O)CN3CCN(c4cccc(C)c4C)CC3)nc1-2,1
COc1ccc2c(c1)OC(C)(C)c1cnn(CCN3CCN(C(=O)c4cccs4)CC3)c1-2,1
COc1ccc2c(c1)OC(C)(C)c1cn(CNC(=O)CN3CCN(c4ccccc4OC)CC3)nc1-2,1
COc1ccc(N2CCN(CC(=O)NCn3ncc4c3-c3ccc(OC)cc3OC4(C)C)CC2)cc1,1
COc1ccc2c(c1)OC(C)(C)c1cnn(CNC(=O)CN3CCN(c4ccccc4)CC3)c1-2,1
COc1ccc2c(c1)OC(C)(C)c1cn(CCN3CCN(C(=O)C4CCCCC4)CC3)nc1-2,1
COc1ccc2c(c1)OC(C)(C)c1cn(CCN3CCN(C(=O)C4CCCO4)CC3)nc1-2,1
COc1ccc2c(c1)OC(C)(C)c1cn(CCN3CCN(C(=O)C(C)(C)C)CC3)nc1-2,1
CCCCC/C=C\C/C=C\C/C=C\C/C=C\CCCC(=O)OC[C@@H](O)COP(=O)(O)O[C@H]1[C@H](O)[C@@H](O)[C@H](O)[C@@H](O)[C@H]1O,1
COc1ccc2c(c1)OC(C)(C)c1cn(CCN3CCN(C(=O)c4ccco4)CC3)nc1-2,1
C=CCNS(=O)(=O)c1ccc(NC(=S)NC(=O)c2ccc(-c3ccccc3)cc2)cc1,1
COc1ccc2c(c1)OC(C)(C)c1cnn(CCN3CCN(C(=O)c4ccco4)CC3)c1-2,1
COc1ccc2c(c1)OC(C)(C)c1cn(CCN3CCN(C(=O)COc4ccccc4)CC3)nc1-2,1
COc1ccc2c(c1)OC(C)(C)c1cn(CCN3CCN(C(=O)c4ccccc4)CC3)nc1-2,1
Cc1ccc(CNS(=O)(=O)c2ccc(NC(=S)NC(=O)c3ccc(-c4ccccc4)cc3)cc2)cc1,1
COc1ccc2c(c1)OC(C)(C)c1cn(CCN3CCN(C(=O)C4CCCCC4)CC3)nc1-2,1
COc1ccc2c(c1)OC(C)(C)c1cn(CCN3CCN(C(=O)c4cccs4)CC3)nc1-2,1
COc1ccc(CNS(=O)(=O)c2ccc(NC(=S)NC(=O)c3ccc(-c4ccccc4)cc3)cc2)cc1,1
COc1ccc2c(c1)OC(C)(C)c1cn(CNC(=O)CN3CCN(c4ccccc4OC)CC3)nc1-2,1
O=C(NC(=S)Nc1ccc(S(=O)(=O)Nc2ccccc2)cc1)c1ccc(-c2ccccc2)cc1,1
O=C(NC(=S)Nc1ccc(S(=O)(=O)NCc2ccccc2)cc1)c1ccc(-c2ccccc2)cc1,1
CCCCCCCCCCCCCCCCCC(=O)OC[C@@H](O)COP(=O)(O)O[C@H]1[C@H](O)[C@@H](O)[C@H](O)[C@@H](O)[C@H]1O,1
O=C(NC(=S)Nc1ccc(S(=O)(=O)NCc2ccc(F)cc2)cc1)c1ccc(-c2ccccc2)cc1,1
O=C(NC(=S)Nc1ccc(S(=O)(=O)NCc2ccco2)cc1)c1ccc(-c2ccccc2)cc1,1
COc1ccc2c(c1)OC(C)(C)c1cn(CCN3CCN(C(=O)COc4ccccc4)CC3)nc1-2,1
COc1ccc2c(c1)OC(C)(C)c1cn(CCN3CCN(C(=O)c4ccco4)CC3)nc1-2,1
COc1ccc2c(c1)OC(C)(C)c1cn(CCN3CCN(C(=O)C(C)(C)C)CC3)nc1-2,1
COc1ccc2c(c1)OC(C)(C)c1cn(CCN3CCN(C(=O)c4ccccc4)CC3)nc1-2,1
COc1ccc2c(c1)OC(C)(C)c1cn(CCN3CCN(C(=O)c4cccs4)CC3)nc1-2,1
COc1ccc2c(c1)OC(C)(C)c1cn(CCN3CCN(C(=O)C4CCCO4)CC3)nc1-2,1
CCCCC/C=C\C/C=C\C/C=C\C/C=C\CCCC(=O)OC(CO)CO,1
CCCCC/C=C\C/C=C\C/C=C\C/C=C\CCCCOC(CO)CO,1
C=C(C)[C@@H]1CCC(C)=C[C@H]1c1c(O)cc(O)cc1CCCCC,1
CCCCC/C=C\C/C=C\C/C=C\C/C=C\CCCC(=O)NCCO,1
CCCCCCC(C)(C)c1ccc([C@@H]2C[C@H](O)CC[C@H]2CCCO)c(O)c1,1
CCCCCc1cc(O)c2c(c1)OC(C)(C)[C@@H]1CCC(C)=C[C@@H]21,1
COC(C)c1ccc(N2CCN(C(=O)c3cc(S(C)(=O)=O)ccc3-c3ccc(F)cc3)CC2)c(F)c1,1
CS(=O)(=O)c1ccc(-c2ccc(F)cc2)c(C(=O)N2CCN(c3ccc(N)cc3F)CC2)c1,1
CCCCCCC(C)(C)c1cc(O)c2c(c1)OC(C)(C)[C@@H]1CC=C(CO)C[C@@H]21,1
CCCn1c(C)c(C(=O)c2cccc3ccccc23)c2ccccc21,1
CCCCCCCCCCCCCCCC(=O)NCCO,1
CCCCC/C=C\C/C=C\C/C=C\C/C=C\CCCC(=O)OCCN,1
CCCCCCC(C)(C)c1ccc([C@@H]2C[C@H](O)C[C@@H]3CC[C@H](CO)C[C@H]32)c(O)c1,1
Cc1ccc(-c2n[nH]c3c2C(c2cccc(O)c2)N(c2ccc(C(=O)O)cc2)C3=O)cc1,1
Cc1cc(C)c2nc(-c3ccccn3)cc(C(=O)Nc3ccc(S(=O)(=O)Nc4onc(C)c4C)cc3)c2c1,1
CCCCCCC(C)(C)c1ccc(C2CC(O)CCC2CCCO)c(O)c1,1
CCCCC/C=C\C/C=C\C/C=C\C/C=C\CCCC(=O)OC(CO)CO,1
CCCCC/C=C\C/C=C\C/C=C\C/C=C\CCCCOC(CO)CO,1
C=C(C)[C@@H]1CCC(C)=C[C@H]1c1c(O)cc(O)cc1CCCCC,1
CCCCC/C=C\C/C=C\C/C=C\C/C=C\CCCC(=O)NCCO,1
CCCCCCC(C)(C)c1ccc([C@@H]2C[C@H](O)CC[C@H]2CCCO)c(O)c1,1
CCCCCc1cc(O)c2c(c1)OC(C)(C)[C@@H]1CCC(C)=C[C@@H]21,1
COC(C)c1ccc(N2CCN(C(=O)c3cc(S(C)(=O)=O)ccc3-c3ccc(F)cc3)CC2)c(F)c1,1
CS(=O)(=O)c1ccc(-c2ccc(F)cc2)c(C(=O)N2CCN(c3ccc(N)cc3F)CC2)c1,1
CCCCCCC(C)(C)c1cc(O)c2c(c1)OC(C)(C)[C@@H]1CC=C(CO)C[C@@H]21,1
CCCn1c(C)c(C(=O)c2cccc3ccccc23)c2ccccc21,1
CCCCCCCCCCCCCCCC(=O)NCCO,1
CCCCC/C=C\C/C=C\C/C=C\C/C=C\CCCC(=O)OCCN,1
CCCCCCC(C)(C)c1ccc([C@@H]2C[C@H](O)C[C@@H]3CC[C@H](CO)C[C@H]32)c(O)c1,1
Cc1ccc(-c2n[nH]c3c2C(c2cccc(O)c2)N(c2ccc(C(=O)O)cc2)C3=O)cc1,1
Cc1cc(C)c2nc(-c3ccccn3)cc(C(=O)Nc3ccc(S(=O)(=O)Nc4onc(C)c4C)cc3)c2c1,1
CCCCCCC(C)(C)c1ccc(C2CC(O)CCC2CCCO)c(O)c1,1
C[C@H](NC(=O)CNC(=O)c1cc(Cl)cc(Br)c1)c1ccccc1,1
COc1cccc(C(=O)N[C@@H](C)C(=O)N[C@@H](C)c2ccccc2)c1,1
C[C@H](NC(=O)CNC(=O)c1cccc(C#N)c1)c1ccccc1,1
C[C@H](NC(=O)CNC(=O)c1cccc(F)c1)c1ccccc1,1
C[C@H](NC(=O)CNC(=O)c1cccc(Cl)c1Cl)c1ccccc1,1
C[C@H](NC(=O)CNC(=O)c1cccc(C(F)(F)F)c1)c1ccccc1,1
C[C@H](NC(=O)CNC(=O)c1cc(Cl)cc(Cl)c1)c1ccccc1,1
C[C@H](NC(=O)CNC(=O)c1cccc(OC(F)(F)F)c1)c1ccccc1,1
COc1cc(OC)cc(C(=O)NNC(=O)Nc2cccc3ccccc23)c1,1
C[C@H](NC(=O)CNC(=O)c1cc(Cl)ccc1Cl)c1ccccc1,1
COc1cccc(C(=O)NCC(=O)N[C@@H](C)c2ccccc2)c1,1
COc1cc(OC)cc(C(=O)NCC(=O)N[C@@H](C)c2ccccc2)c1,1
C[C@H](NC(=O)CNC(=O)c1cc(F)cc(Cl)c1)c1ccccc1,1
Cc1cccc(C(=O)NCC(=O)N[C@@H](C)c2ccccc2)c1,1
C[C@H](NC(=O)CNC(=O)c1cccc(Cl)c1)c1ccccc1,1
C[C@H](NC(=O)CNC(=O)c1cccc(Cl)c1)c1ccccc1,1
N[C@@H](Cc1ccccc1)C(=O)O,1
N[C@@H](Cc1ccccc1)C(=O)O,1
N[C@@H](Cc1ccccc1)C(=O)O,1
N[C@@H](Cc1c[nH]c2ccccc12)C(=O)O,1
N[C@@H](Cc1c[nH]c2ccccc12)C(=O)O,1
N[C@@H](Cc1c[nH]c2ccccc12)C(=O)O,1
COc1cc(OC)cc(C(=O)NNC(=O)Nc2ccc3ccccc3c2)c1,1
Cc1ccccc1NS(=O)(=O)c1ccc(C2CCCCC2)cc1,1
COc1ccc(C2N(c3ccccc3)C(=O)C2(F)F)cc1,1
C[C@H](NC(=O)CNC(=O)c1cccc(Cl)c1)c1ccccc1,1
N[C@@H](Cc1ccccc1)C(=O)O,1
N[C@@H](Cc1ccccc1)C(=O)O,1
N[C@@H](Cc1ccccc1)C(=O)O,1
N[C@@H](Cc1c[nH]c2ccccc12)C(=O)O,1
N[C@@H](Cc1c[nH]c2ccccc12)C(=O)O,1
N[C@@H](Cc1c[nH]c2ccccc12)C(=O)O,1
COc1cc(OC)cc(C(=O)NNC(=O)Nc2ccc3ccccc3c2)c1,1
Cc1ccccc1NS(=O)(=O)c1ccc(C2CCCCC2)cc1,1
COc1ccc(C2N(c3ccccc3)C(=O)C2(F)F)cc1,1
O=C(CN1CCN(c2ccnc(NCCc3ccc(Cl)cc3)n2)CC1)N(CCCN1CCOCC1)Cc1c(Cl)cncc1Cl,1
COc1ccc(-c2ccc(C(=O)Nc3cccc(Cn4ncc(N5CCNCC5)cc4=O)c3C)cc2)cn1,1
CCN(CC)CCCC(C)Nc1ccnc2cc(Cl)ccc12,1
CCN(CC)CCCC(C)Nc1ccnc2cc(Cl)ccc12,1
Brc1cc2c(cc1[C@@H]1Nc3ccccc3[C@@H]3C=CC[C@@H]31)OCO2,1
CC(=O)c1ccc2c(c1)[C@@H]1C=CC[C@@H]1[C@H](c1cc3c(cc1Br)OCO3)N2,1
CC(=O)c1ccc2c(c1)[C@@H]1C=CC[C@@H]1[C@H](c1cc3c(cc1Br)OCO3)N2,1
CC(=O)c1ccc2c(c1)[C@@H]1C=CC[C@@H]1[C@H](c1cc3c(cc1Br)OCO3)N2,1
C[C@]12CC[C@@H]3c4ccc(O)cc4CC[C@H]3[C@@H]1CC[C@@H]2O,1
C[C@]12CC[C@@H]3c4ccc(O)cc4CC[C@H]3[C@@H]1CC[C@@H]2O,1
C[C@]12CC[C@@H]3c4ccc(O)cc4CC[C@H]3[C@@H]1CC[C@@H]2O,1
C[C@]12CC[C@@H]3c4ccc(O)cc4C[C@@H](CCCCCCCCCS(=O)CCCC(F)(F)C(F)(F)F)[C@H]3[C@@H]1CC[C@@H]2O,1
CC(=O)c1ccc2c(c1)[C@@H]1C=CC[C@@H]1[C@H](c1cc3c(cc1Br)OCO3)N2,1
O=C(c1ccc(OCCN2CCCCC2)cc1)c1c(-c2ccc(O)cc2)sc2cc(O)ccc12,1
CC/C(=C(\c1ccccc1)c1ccc(OCCN(C)C)cc1)c1ccccc1,1
Brc1cc2c(cc1[C@@H]1Nc3ccccc3[C@@H]3C=CC[C@@H]31)OCO2,1
C[C@]12CC[C@@H]3c4ccc(O)cc4C[C@@H](CCCCCCCCCS(=O)CCCC(F)(F)C(F)(F)F)[C@H]3[C@@H]1CC[C@@H]2O,1
CC(=O)c1ccc2c(c1)[C@@H]1C=CC[C@@H]1[C@H](c1cc3c(cc1Br)OCO3)N2,1
O=C(c1ccc(OCCN2CCCCC2)cc1)c1c(-c2ccc(O)cc2)sc2cc(O)ccc12,1
CC/C(=C(\c1ccccc1)c1ccc(OCCN(C)C)cc1)c1ccccc1,1
Brc1cc2c(cc1[C@@H]1Nc3ccccc3[C@@H]3C=CC[C@@H]31)OCO2,1
CCCCCCCCCCCCCCCOc1ccc(CCC(=O)OC[C@@H](O)COP(=O)(O)OC[C@H](N)C(=O)O)cc1,1
CCCCCCCCCCCCCCCOc1ccc(CCC(=O)OC[C@@H](O)COP(=O)(O)OC[C@H](N)C(=O)O)cc1,1
CCCCCCCOc1cccc(CCC(=O)OC[C@@H](O)COP(=O)(O)OC[C@H](N)C(=O)O)c1,1
CCCCCCCOc1cccc(CCC(=O)OC[C@@H](O)COP(=O)(O)OC[C@H](N)C(=O)O)c1,1
CCCCCCCCCCCOc1ccc(CCC(=O)OC[C@@H](O)COP(=O)(O)OC[C@H](N)C(=O)O)cc1,1
CCCCCCCCCCCOc1ccc(CCC(=O)OC[C@@H](O)COP(=O)(O)OC[C@H](N)C(=O)O)cc1,1
CCCCCCCC/C=C\CCCCCCCC(=O)NC[C@@H](O)COP(=O)(O)OC[C@H](N)C(=O)O,1
CCCCCCCC/C=C\CCCCCCCC(=O)NC[C@@H](O)COP(=O)(O)OC[C@H](N)C(=O)O,1
CCCCCCCCCCCOc1ccccc1CCC(=O)OC[C@@H](O)COP(=O)(O)OC[C@H](N)C(=O)O,1
CCCCCCCCCCCOc1ccccc1CCC(=O)OC[C@@H](O)COP(=O)(O)OC[C@H](N)C(=O)O,1
CCCCCCCCCCCOc1cccc(CCC(=O)OC[C@@H](O)COP(=O)(O)O[C@@H](C)[C@H](N)C(=O)O)c1,1
CCCCCCCCCCCOc1cccc(CCC(=O)OC[C@@H](O)COP(=O)(O)O[C@@H](C)[C@H](N)C(=O)O)c1,1
CCCCCCCCCCCCCCCOc1ccccc1CCC(=O)OC[C@@H](O)COP(=O)(O)OC[C@H](N)C(=O)O,1
CCCCCCCCCCCCCCCOc1ccccc1CCC(=O)OC[C@@H](O)COP(=O)(O)OC[C@H](N)C(=O)O,1
CCCCCCCCCCCOc1cccc(CCC(=O)NC[C@@H](O)COP(=O)(O)O[C@@H](C)[C@H](N)C(=O)O)c1,1
CCCCCCCCCCCOc1cccc(CCC(=O)NC[C@@H](O)COP(=O)(O)O[C@@H](C)[C@H](N)C(=O)O)c1,1
CCCCCCCCCCCCCCCOc1cccc(CCC(=O)OC[C@@H](O)COP(=O)(O)OC[C@H](N)C(=O)O)c1,1
CCCCCCCCCCCCCCCOc1cccc(CCC(=O)OC[C@@H](O)COP(=O)(O)OC[C@H](N)C(=O)O)c1,1
CCCCCCCCCCCOc1cccc(CCC(=O)OC[C@@H](O)COP(=O)(O)OC[C@H](N)C(=O)O)c1,1
CCCCCCCCCCCOc1cccc(CCC(=O)OC[C@@H](O)COP(=O)(O)OC[C@H](N)C(=O)O)c1,1
CCCCCCCCCCCCCCCCCC(=O)OC[C@@H](O)COP(=O)(O)OC[C@H](N)C(=O)O,1
CCCCCCCCCCCCCCCCCC(=O)OC[C@@H](O)COP(=O)(O)OC[C@H](N)C(=O)O,1
CCCC(C)COc1ccc(C(CN2CCN(C)CC2)NC(=O)[C@@H](C)c2ccccc2)cc1,1
CCCC(C)COc1ccc([C@H](CN2CCOCC2)NC(=O)[C@@H](C)c2ccccc2)cc1,1
CCCC(C)COc1ccc([C@H](CNC(=O)[C@@H](C)N)NC(=O)[C@@H](C)c2ccccc2)cc1,1
CCCC(C)COc1ccc([C@H](CNC(=O)[C@@H](N)CC2CC2)NC(=O)[C@@H](C)c2ccccc2)cc1,1
CCCC(C)COc1ccc([C@H](CNC(=O)[C@@H](N)[C@@H](C)OC)NC(=O)[C@@H](C)c2ccccc2)cc1,1
CCCC(C)COc1ccc([C@H](CNC(=O)[C@@H](N)[C@H](C)CC)NC(=O)[C@@H](C)c2ccccc2)cc1,1
CCCC(C)COc1ccc([C@H](CNC(=O)[C@H](N)C2CC2)NC(=O)[C@@H](C)c2ccccc2)cc1,1
CCCC(C)COc1ccc([C@H](CNC(=O)[C@H](N)CCC)NC(=O)[C@@H](C)c2ccccc2)cc1,1
CCCC(C)COc1ccc([C@H](CNC(=O)[C@H](N)Cc2cscn2)NC(=O)[C@@H](C)c2ccccc2)cc1,1
CCCC(C)COc1ccc([C@H](CNC(=O)[C@H](N)[C@@H](C)CC)NC(=O)[C@@H](C)c2ccccc2)cc1,1
CCCC(C)COc1ccc([C@H](CNCC(C)CC)NC(=O)[C@@H](C)c2ccccc2)cc1,1
CCCC(C)COc1ccc([C@H](CNCC2CCOC2)NC(=O)[C@@H](C)c2ccccc2)cc1,1
CCCC(C)COc1ccc([C@H](CNC[C@@H]2CCCN2)NC(=O)[C@@H](C)c2ccccc2)cc1,1
CCCC(C)COc1ccc([C@H](CNC[C@H](C)N)NC(=O)[C@@H](C)c2ccccc2)cc1,1
CCCC(C)COc1ccc([C@H](CNCc2c[nH]c3ccccc23)NC(=O)[C@@H](C)c2ccccc2)cc1,1
CCCC(C)COc1ccc([C@H](CNCc2cc[nH]n2)NC(=O)[C@@H](C)c2ccccc2)cc1,1
CCCC(C)COc1ccc([C@H](CNCc2cccnc2)NC(=O)[C@@H](C)c2ccccc2)cc1,1
CCCC(C)COc1ccc([C@H](CNCc2ccncc2)NC(=O)[C@@H](C)c2ccccc2)cc1,1
CCCC(C)COc1ccc([C@H](CO)NC(=O)[C@@H](C)c2ccccc2)cc1,1
CCCC(C)COc1ccc([C@H](CO)NC(=O)[C@@H](CC)c2ccccc2)cc1,1
CCCC(C)COc1ccc([C@H](CO)NC(=O)[C@@H](CO)c2ccccc2)cc1,1
CCCNC[C@H](NC(=O)[C@@H](C)c1ccccc1)c1ccc(OC[C@@H](C)CC)cc1,1
CC[C@H](C)COc1ccc([C@@H](NC(=O)[C@@H](C)c2ccccc2)[C@@H](C)O)cc1,1
CCCC(C)COc1ccc(C(CN2CCN(C)CC2)NC(=O)[C@@H](C)c2ccccc2)cc1,1
CCCC(C)COc1ccc([C@H](CN2CCOCC2)NC(=O)[C@@H](C)c2ccccc2)cc1,1
CCCC(C)COc1ccc([C@H](CNC(=O)[C@@H](C)N)NC(=O)[C@@H](C)c2ccccc2)cc1,1
CCCC(C)COc1ccc([C@H](CNC(=O)[C@@H](N)CC2CC2)NC(=O)[C@@H](C)c2ccccc2)cc1,1
CCCC(C)COc1ccc([C@H](CNC(=O)[C@@H](N)[C@@H](C)OC)NC(=O)[C@@H](C)c2ccccc2)cc1,1
CCCC(C)COc1ccc([C@H](CNC(=O)[C@@H](N)[C@H](C)CC)NC(=O)[C@@H](C)c2ccccc2)cc1,1
CCCC(C)COc1ccc([C@H](CNC(=O)[C@H](N)C2CC2)NC(=O)[C@@H](C)c2ccccc2)cc1,1
CCCC(C)COc1ccc([C@H](CNC(=O)[C@H](N)CCC)NC(=O)[C@@H](C)c2ccccc2)cc1,1
CCCC(C)COc1ccc([C@H](CNC(=O)[C@H](N)Cc2cscn2)NC(=O)[C@@H](C)c2ccccc2)cc1,1
CCCC(C)COc1ccc([C@H](CNC(=O)[C@H](N)[C@@H](C)CC)NC(=O)[C@@H](C)c2ccccc2)cc1,1
CCCC(C)COc1ccc([C@H](CNCC(C)CC)NC(=O)[C@@H](C)c2ccccc2)cc1,1
CCCC(C)COc1ccc([C@H](CNCC2CCOC2)NC(=O)[C@@H](C)c2ccccc2)cc1,1
CCCC(C)COc1ccc([C@H](CNC[C@@H]2CCCN2)NC(=O)[C@@H](C)c2ccccc2)cc1,1
CCCC(C)COc1ccc([C@H](CNC[C@H](C)N)NC(=O)[C@@H](C)c2ccccc2)cc1,1
CCCC(C)COc1ccc([C@H](CNCc2c[nH]c3ccccc23)NC(=O)[C@@H](C)c2ccccc2)cc1,1
CCCC(C)COc1ccc([C@H](CNCc2cc[nH]n2)NC(=O)[C@@H](C)c2ccccc2)cc1,1
CCCC(C)COc1ccc([C@H](CNCc2cccnc2)NC(=O)[C@@H](C)c2ccccc2)cc1,1
CCCC(C)COc1ccc([C@H](CNCc2ccncc2)NC(=O)[C@@H](C)c2ccccc2)cc1,1
CCCC(C)COc1ccc([C@H](CO)NC(=O)[C@@H](C)c2ccccc2)cc1,1
CCCC(C)COc1ccc([C@H](CO)NC(=O)[C@@H](CC)c2ccccc2)cc1,1
CCCC(C)COc1ccc([C@H](CO)NC(=O)[C@@H](CO)c2ccccc2)cc1,1
CCCNC[C@H](NC(=O)[C@@H](C)c1ccccc1)c1ccc(OC[C@@H](C)CC)cc1,1
CC[C@H](C)COc1ccc([C@@H](NC(=O)[C@@H](C)c2ccccc2)[C@@H](C)O)cc1,1
CC[C@H](C)[C@H](N)CN(C(=O)[C@@H]1C[C@H]1c1ccccc1)c1ccc(-c2ccc(Oc3ccccc3)cc2)cc1,1
Cc1ccc(-c2ccc([C@H](CO)NC(=O)[C@H]3C[C@@H]3c3cccs3)cc2)cc1,1
CCCC(C)COc1ccc([C@H](CN2CCOCC2)NC(=O)[C@@H](C)c2ccccc2)cc1,1
CCCC(C)COc1ccc([C@H](CNC(=O)[C@@H]2CCCN2)NC(=O)[C@@H](C)c2ccccc2)cc1,1
CCCC(C)COc1ccc([C@H](CN2CCN(C)CC2)NC(=O)[C@@H](C)c2ccccc2)cc1,1
CCCC(C)COc1ccc([C@H](CNC(=O)[C@@H]2CCCN2)NC(=O)[C@@H](C)c2ccccc2)cc1,1
CCOc1ccc(-c2ccc(N(C[C@@H](N)[C@@H](C)CC)C(=O)[C@@H]3C[C@H]3c3ccccc3)cc2)cc1,1
Cc1ccc(-c2ccc([C@H](CO)NC(=O)[C@@H]3C[C@H]3c3cccs3)cc2)cc1,1
Cc1ccc(-c2ccc([C@H](CO)NC(=O)[C@@H]3C[C@H]3c3cccs3)cc2)cc1,1
CCCC(C)COc1ccc([C@H](CO)NC(=O)[C@H]2C[C@@H]2c2cccs2)cc1,1
CCCC(C)COc1ccc([C@H](CO)NC(=O)[C@H]2C[C@@H]2c2cccs2)cc1,1
CC[C@H](C)[C@H](N)CN(C(=O)[C@@H]1C[C@H]1c1ccccc1)c1ccc(-c2ccc(OC(C)C)cc2)cc1,1
CC[C@H](C)[C@H](N)CN(C(=O)[C@@H]1C[C@H]1c1ccccc1)c1ccc(-c2ccc(CC(=O)OC)cc2)cc1,1
CCC(CC)COc1ccc([C@H](CO)NC(=O)[C@H]2C[C@@H]2c2ccccc2)c(OC)c1,1
CCC(CC)COc1ccc([C@H](CO)NC(=O)[C@H]2C[C@@H]2c2cccs2)c(C)c1,1
CCC(CC)COc1ccc([C@H](CO)NC(=O)[C@H]2C[C@@H]2c2cccs2)cc1,1
CCCC#Cc1ccc([C@H](CO)NC(=O)[C@H]2C[C@@H]2c2cccs2)c(OC)c1,1
CCCC(C)COc1ccc([C@H](CO)NC(=O)[C@H]2C[C@@H]2c2cccs2)c(C)c1,1
CCCC(C)COc1ccc([C@H](CN2CCN(C)CC2)NC(=O)[C@H]2C[C@@H]2c2cccs2)cc1,1
CC[C@H](C)COc1ccc([C@H](CN)NC(=O)[C@H]2C[C@@H]2c2cccs2)c(C)c1,1
CC[C@H](C)COc1ccc([C@H](CO)NC(=O)[C@H]2C[C@@H]2c2cccs2)c(C)c1,1
CC[C@H](C)COc1ccc([C@H](CN)NC(=O)[C@H]2C[C@@H]2c2cccs2)cc1,1
CC[C@H](C)COc1ccc([C@H](CN2CCN(C)CC2)NC(=O)[C@H]2C[C@@H]2c2cccs2)cc1,1
CC[C@H](NC(=O)[C@H]1C[C@@H]1c1ccccc1)c1ccc(-c2ccc(OC)cc2)cc1,1
CCc1ccc(-c2ccc([C@H](CO)NC(=O)[C@H]3C[C@@H]3c3cccs3)c(OC)c2)cc1,1
CCc1ccc(-c2ccc([C@H](CO)NC(=O)[C@H]3C[C@@H]3c3cccs3)cc2)cc1,1
COc1cc(-c2ccc(C)cc2)ccc1[C@H](CO)NC(=O)[C@H]1C[C@@H]1c1cccs1,1
Cc1ccc(-c2ccc([C@H](CO)NC(=O)[C@H]3C[C@@H]3c3cccs3)cc2)cc1,1
CCC(CC)COc1ccc([C@H](CO)NC(=O)[C@H]2C[C@@H]2c2ccccc2)c(OC)c1,1
CCC(CC)COc1ccc([C@H](CO)NC(=O)[C@H]2C[C@@H]2c2cccs2)c(C)c1,1
CCC(CC)COc1ccc([C@H](CO)NC(=O)[C@H]2C[C@@H]2c2cccs2)cc1,1
CCCC#Cc1ccc([C@H](CO)NC(=O)[C@H]2C[C@@H]2c2cccs2)c(OC)c1,1
CCCC(C)COc1ccc([C@H](CO)NC(=O)[C@H]2C[C@@H]2c2cccs2)c(C)c1,1
CCCC(C)COc1ccc([C@H](CN2CCN(C)CC2)NC(=O)[C@H]2C[C@@H]2c2cccs2)cc1,1
CC[C@H](C)COc1ccc([C@H](CN)NC(=O)[C@H]2C[C@@H]2c2cccs2)c(C)c1,1
CC[C@H](C)COc1ccc([C@H](CO)NC(=O)[C@H]2C[C@@H]2c2cccs2)c(C)c1,1
CC[C@H](C)COc1ccc([C@H](CN)NC(=O)[C@H]2C[C@@H]2c2cccs2)cc1,1
CC[C@H](C)COc1ccc([C@H](CN2CCN(C)CC2)NC(=O)[C@H]2C[C@@H]2c2cccs2)cc1,1
CC[C@H](NC(=O)[C@H]1C[C@@H]1c1ccccc1)c1ccc(-c2ccc(OC)cc2)cc1,1
CCc1ccc(-c2ccc([C@H](CO)NC(=O)[C@H]3C[C@@H]3c3cccs3)c(OC)c2)cc1,1
CCc1ccc(-c2ccc([C@H](CO)NC(=O)[C@H]3C[C@@H]3c3cccs3)cc2)cc1,1
COc1cc(-c2ccc(C)cc2)ccc1[C@H](CO)NC(=O)[C@H]1C[C@@H]1c1cccs1,1
Cc1ccc(-c2ccc([C@H](CO)NC(=O)[C@H]3C[C@@H]3c3cccs3)cc2)cc1,1
CCCc1ccc(-c2ccc(N(C[C@@H](N)[C@@H](C)CC)C(=O)[C@@H]3C[C@H]3c3ccccc3)cc2)cc1,1
CCCC(C)COc1ccc([C@H](CN)NC(=O)[C@@H](C)c2ccccc2)cc1,1
CCCC(C)COc1ccc([C@H](CN)NC(=O)[C@@H](C)c2ccccc2)cc1,1
CCc1ccc(-c2ccc(N(C[C@@H](N)[C@@H](C)CC)C(=O)[C@@H]3C[C@H]3c3ccccc3)cc2)cc1,1
CCCC(C)COc1ccc([C@@H](NC(=O)[C@@H](C)c2ccccc2)C(C)(C)O)cc1,1
CCCC(C)COc1ccc([C@H](CN(C)C)NC(=O)[C@@H](C)c2ccccc2)cc1,1
CCCC(C)COc1ccc([C@H](CNC(=O)[C@@H](N)C(C)C)NC(=O)[C@@H](C)c2ccccc2)cc1,1
CCCC(C)COc1ccc([C@H](CNC(=O)[C@@H](N)CC)NC(=O)[C@@H](C)c2ccccc2)cc1,1
CCCC(C)COc1ccc([C@H](CNC(=O)[C@@H](N)CCC)NC(=O)[C@@H](C)c2ccccc2)cc1,1
CCCC(C)COc1ccc([C@H](CNC(=O)[C@@H](N)[C@@H](C)CC)NC(=O)[C@@H](C)c2ccccc2)cc1,1
CCCC(C)COc1ccc([C@H](CNC(=O)[C@H](C)N)NC(=O)[C@@H](C)c2ccccc2)cc1,1
CCCC(C)COc1ccc([C@H](CNC(=O)[C@H](N)CC(C)C)NC(=O)[C@@H](C)c2ccccc2)cc1,1
CCCC(C)COc1ccc([C@H](CNC(=O)[C@H](N)[C@H](C)CC)NC(=O)[C@@H](C)c2ccccc2)cc1,1
CCCC(C)COc1ccc([C@H](CNCC2(N)CCCC2)NC(=O)[C@@H](C)c2ccccc2)cc1,1
CCCC(C)COc1ccc([C@H](CNCC2CC2)NC(=O)[C@@H](C)c2ccccc2)cc1,1
CC[C@H](C)COc1ccc([C@H](CN)NC(=O)[C@@H](C)c2ccccc2)cc1,1
CCCC(C)COc1ccc([C@@H](NC(=O)[C@@H](C)c2ccccc2)C(C)(C)O)cc1,1
CCCC(C)COc1ccc([C@H](CN(C)C)NC(=O)[C@@H](C)c2ccccc2)cc1,1
CCCC(C)COc1ccc([C@H](CNC(=O)[C@@H](N)C(C)C)NC(=O)[C@@H](C)c2ccccc2)cc1,1
CCCC(C)COc1ccc([C@H](CNC(=O)[C@@H](N)CC)NC(=O)[C@@H](C)c2ccccc2)cc1,1
CCCC(C)COc1ccc([C@H](CNC(=O)[C@@H](N)CCC)NC(=O)[C@@H](C)c2ccccc2)cc1,1
CCCC(C)COc1ccc([C@H](CNC(=O)[C@@H](N)[C@@H](C)CC)NC(=O)[C@@H](C)c2ccccc2)cc1,1
CCCC(C)COc1ccc([C@H](CNC(=O)[C@H](C)N)NC(=O)[C@@H](C)c2ccccc2)cc1,1
CCCC(C)COc1ccc([C@H](CNC(=O)[C@H](N)CC(C)C)NC(=O)[C@@H](C)c2ccccc2)cc1,1
CCCC(C)COc1ccc([C@H](CNC(=O)[C@H](N)[C@H](C)CC)NC(=O)[C@@H](C)c2ccccc2)cc1,1
CCCC(C)COc1ccc([C@H](CNCC2(N)CCCC2)NC(=O)[C@@H](C)c2ccccc2)cc1,1
CCCC(C)COc1ccc([C@H](CNCC2CC2)NC(=O)[C@@H](C)c2ccccc2)cc1,1
CC[C@H](C)COc1ccc([C@H](CN)NC(=O)[C@@H](C)c2ccccc2)cc1,1
CC[C@H](C)[C@H](N)CN(C(=O)[C@@H]1C[C@H]1c1ccccc1)c1ccc(-c2ccc(COC)cc2)cc1,1
CCCC(C)COc1ccc([C@H](CN(C)C)NC(=O)[C@@H](C)c2ccccc2)cc1,1
CC[C@H](C)[C@H](N)CN(C(=O)[C@@H]1C[C@H]1c1ccccn1)c1ccc(-c2ccc(COC)cc2)cc1,1
CC(C)(C)[C@H](N)CN(C(=O)[C@@H]1C[C@H]1c1ccccc1)c1ccc(-c2ccccc2)cc1,1
O=C([C@@H]1C[C@H]1c1ccccc1)N(CC1CCCNC1)c1ccc(-c2ccccc2)cc1,1
CC[C@H](C)[C@H](N)CN(C(=O)[C@@H]1C[C@H]1c1cccc(F)n1)c1ccc(-c2ccc(OC(C)C)cc2)cc1.O=C(O)C(F)(F)F.O=C(O)C(F)(F)F,1
CC[C@H](C)[C@H](N)CN(C(=O)[C@@H]1C[C@H]1c1cccc(F)n1)c1ccc(-c2ccc(OC(C)C)cc2)cc1.O=C(O)C(F)(F)F.O=C(O)C(F)(F)F,1
O=C([C@@H]1C[C@H]1c1ccccc1)N(CCNCC1CCCCC1)c1ccc(-c2ccccc2)cc1,1
CC[C@H](C)[C@@H](CN(C(=O)[C@@H]1C[C@H]1c1ccccc1)c1ccc(-c2ccccc2)cc1)NC(C)=O,1
CC(C)CCNCCN(C(=O)[C@@H]1C[C@H]1c1ccccc1)c1ccc(-c2ccccc2)cc1,1
CCC(C)CNCCN(C(=O)[C@@H]1C[C@H]1c1ccccc1)c1ccc(-c2ccccc2)cc1,1
N[C@H](CN(C(=O)[C@@H]1C[C@H]1c1ccccc1)c1ccc(-c2ccccc2)cc1)c1ccccc1,1
CC[C@H](C)[C@H](N)CN(C(=O)[C@@H]1C[C@H]1c1ccccn1)c1ccc(-c2ccc(OC(C)C)cc2)cc1,1
CCCc1ccc(-c2ccc(N(C[C@@H](N)[C@@H](C)CC)C(=O)[C@@H]3C[C@H]3c3ccccn3)cc2)cc1,1
CC(C)Oc1ccc(-c2ccc(N(CC3(N)CCCC3)C(=O)[C@@H]3C[C@H]3c3cccc(F)n3)cc2)cc1.O=C(O)C(F)(F)F.O=C(O)C(F)(F)F,1
CCCC#Cc1ccc(N(C[C@@H](N)[C@@H](C)CC)C(=O)[C@H]2C[C@@H]2c2cccc(F)n2)cc1.O=C(O)C(F)(F)F.O=C(O)C(F)(F)F,1
CCCc1ccc(-c2ccc(N(CC3(N)CCCC3)C(=O)[C@@H]3C[C@H]3c3cccc(F)n3)cc2)cc1.O=C(O)C(F)(F)F.O=C(O)C(F)(F)F,1
CCCc1ccc(-c2ccc(N(C[C@@H](N)[C@@H](C)CC)C(=O)[C@@H]3C[C@H]3c3cccc(F)n3)cc2)cc1.O=C(O)C(F)(F)F.O=C(O)C(F)(F)F,1
CCCc1ccc(-c2ccc(N(C[C@@H](N)[C@@H](C)CC)C(=O)[C@@H]3C[C@H]3c3ccccn3)cc2)cc1,1
CCCc1ccc(-c2ccc(N(C[C@@H](N)[C@@H](C)CC)C(=O)[C@@H]3C[C@H]3c3cnccn3)cc2)cc1.O=C(O)C(F)(F)F.O=C(O)C(F)(F)F,1
CCCc1ccc(-c2ccc(N(C[C@@H](N)[C@@H](C)CC)C(=O)[C@@H]3C[C@H]3c3ncccc3F)cc2)cc1.O=C(O)C(F)(F)F.O=C(O)C(F)(F)F,1
CCCc1ccc(-c2ccc(N(C[C@@H](N)[C@@H](C)OC)C(=O)[C@@H]3C[C@H]3c3cnccn3)cc2)cc1.O=C(O)C(F)(F)F.O=C(O)C(F)(F)F,1
CC[C@H](C)[C@H](N)CN(C(=O)[C@@H]1C[C@H]1c1ccc(F)cn1)c1ccc(OCC2CCC2)cc1.O=C(O)C(F)(F)F.O=C(O)C(F)(F)F,1
CC[C@H](C)[C@H](N)CN(C(=O)[C@@H]1C[C@H]1c1ccc(F)cn1)c1ccc(-c2ccc(COC)cc2)cc1.O=C(O)C(F)(F)F,1
CC[C@H](C)[C@H](N)CN(C(=O)[C@@H]1C[C@H]1c1ccc(F)cn1)c1ccc2cc(C3CC3)ccc2c1.O=C(O)C(F)(F)F,1
CC[C@H](C)[C@H](N)CN(C(=O)[C@@H]1C[C@H]1c1cccc(F)n1)c1ccc(-c2ccc(COC)cc2)cc1.O=C(O)C(F)(F)F.O=C(O)C(F)(F)F,1
CC[C@H](C)[C@H](N)CN(C(=O)[C@@H]1C[C@H]1c1ccccn1)c1ccc(OCC2CCC2)cc1,1
CC[C@H](C)[C@H](N)CN(C(=O)[C@@H]1C[C@H]1c1ccccn1)c1ccc(-c2ccc(COC)cc2)cc1,1
CC[C@H](C)[C@H](N)CN(C(=O)[C@@H]1C[C@H]1c1ccccn1)c1ccc(-c2ccc(OC(C)C)cc2)cc1,1
CC#Cc1ccc(-c2ccc(N(C[C@@H](N)[C@@H](C)CC)C(=O)[C@@H]3C[C@H]3c3ccccn3)cc2)cc1.O=C(O)C(F)(F)F,1
COCc1ccc(-c2ccc(N(CC3(N)CCCC3)C(=O)[C@@H]3C[C@H]3c3cccc(F)n3)cc2)cc1.O=C(O)C(F)(F)F.O=C(O)C(F)(F)F,1
CCCc1ccc(-c2ccc(N(CC3(N)CCOCC3)C(=O)[C@@H]3C[C@H]3c3ccccn3)cc2)cc1.Cl,1
CC(C)C[C@H](N)CCN(C(=O)[C@@H]1C[C@H]1c1ccccc1)c1ccc(-c2ccccc2)cc1,1
CC(C)Oc1ccc(-c2ccc(N(CC3(N)CCCC3)C(=O)[C@@H]3C[C@H]3c3cccc(F)n3)cc2)cc1.O=C(O)C(F)(F)F.O=C(O)C(F)(F)F,1
CCCC#Cc1ccc(N(C[C@@H](N)[C@@H](C)CC)C(=O)[C@H]2C[C@@H]2c2cccc(F)n2)cc1.O=C(O)C(F)(F)F.O=C(O)C(F)(F)F,1
CCCc1ccc(-c2ccc(N(CC3(N)CCCC3)C(=O)[C@@H]3C[C@H]3c3cccc(F)n3)cc2)cc1.O=C(O)C(F)(F)F.O=C(O)C(F)(F)F,1
CCCc1ccc(-c2ccc(N(C[C@@H](N)[C@@H](C)CC)C(=O)[C@@H]3C[C@H]3c3cccc(F)n3)cc2)cc1.O=C(O)C(F)(F)F.O=C(O)C(F)(F)F,1
CCCc1ccc(-c2ccc(N(C[C@@H](N)[C@@H](C)CC)C(=O)[C@@H]3C[C@H]3c3ccccn3)cc2)cc1,1
CCCc1ccc(-c2ccc(N(C[C@@H](N)[C@@H](C)CC)C(=O)[C@@H]3C[C@H]3c3cnccn3)cc2)cc1.O=C(O)C(F)(F)F.O=C(O)C(F)(F)F,1
CCCc1ccc(-c2ccc(N(C[C@@H](N)[C@@H](C)CC)C(=O)[C@@H]3C[C@H]3c3ncccc3F)cc2)cc1.O=C(O)C(F)(F)F.O=C(O)C(F)(F)F,1
CCCc1ccc(-c2ccc(N(C[C@@H](N)[C@@H](C)OC)C(=O)[C@@H]3C[C@H]3c3cnccn3)cc2)cc1.O=C(O)C(F)(F)F.O=C(O)C(F)(F)F,1
CC[C@H](C)[C@H](N)CN(C(=O)[C@@H]1C[C@H]1c1ccc(F)cn1)c1ccc(OCC2CCC2)cc1.O=C(O)C(F)(F)F.O=C(O)C(F)(F)F,1
CC[C@H](C)[C@H](N)CN(C(=O)[C@@H]1C[C@H]1c1ccc(F)cn1)c1ccc(-c2ccc(COC)cc2)cc1.O=C(O)C(F)(F)F,1
CC[C@H](C)[C@H](N)CN(C(=O)[C@@H]1C[C@H]1c1ccc(F)cn1)c1ccc2cc(C3CC3)ccc2c1.O=C(O)C(F)(F)F,1
CC[C@H](C)[C@H](N)CN(C(=O)[C@@H]1C[C@H]1c1cccc(F)n1)c1ccc(-c2ccc(COC)cc2)cc1.O=C(O)C(F)(F)F.O=C(O)C(F)(F)F,1
CC[C@H](C)[C@H](N)CN(C(=O)[C@@H]1C[C@H]1c1ccccn1)c1ccc(OCC2CCC2)cc1,1
CC[C@H](C)[C@H](N)CN(C(=O)[C@@H]1C[C@H]1c1ccccn1)c1ccc(-c2ccc(COC)cc2)cc1,1
CC[C@H](C)[C@H](N)CN(C(=O)[C@@H]1C[C@H]1c1ccccn1)c1ccc(-c2ccc(OC(C)C)cc2)cc1,1
CC#Cc1ccc(-c2ccc(N(C[C@@H](N)[C@@H](C)CC)C(=O)[C@@H]3C[C@H]3c3ccccn3)cc2)cc1.O=C(O)C(F)(F)F,1
COCc1ccc(-c2ccc(N(CC3(N)CCCC3)C(=O)[C@@H]3C[C@H]3c3cccc(F)n3)cc2)cc1.O=C(O)C(F)(F)F.O=C(O)C(F)(F)F,1
CCCc1ccc(-c2ccc(N(CC3(N)CCOCC3)C(=O)[C@@H]3C[C@H]3c3ccccn3)cc2)cc1.Cl,1
O=C([C@@H]1C[C@H]1c1ccccc1)N(CCNCC1CCCC1)c1ccc(-c2ccccc2)cc1,1
CCC(CC)C(N)CCN(C(=O)[C@@H]1C[C@H]1c1ccccc1)c1ccc(-c2ccccc2)cc1,1
CN[C@@H](CC(C)C)CN(C(=O)[C@@H]1C[C@H]1c1ccccc1)c1ccc(-c2ccccc2)cc1,1
CC(C)C[C@@H](N)CN(C(=O)[C@@H]1C[C@H]1c1ccccc1)c1ccc(-c2ccccc2)cc1,1
N[C@@H](CC1CCCCC1)CN(C(=O)[C@@H]1C[C@H]1c1ccccc1)c1ccc(-c2ccccc2)cc1,1
CC(C)(N)CN(C(=O)[C@@H]1C[C@H]1c1ccccc1)c1ccc(-c2ccccc2)cc1,1
CC[C@@H](C)[C@H](N)CN(C(=O)[C@@H]1C[C@H]1c1ccccc1)c1ccc(-c2ccccc2)cc1,1
CC(C)C[C@H](N)CN(C(=O)C(C)Cc1ccccc1)c1ccc(-c2ccccc2)cc1,1
CC(C)[C@H](N)CN(C(=O)[C@@H]1C[C@H]1c1ccccc1)c1ccc(-c2ccccc2)cc1,1
CO[C@H](C)[C@H](N)CN(C(=O)[C@@H]1C[C@H]1c1ccccc1)c1ccc(-c2ccccc2)cc1,1
N[C@H](CN(C(=O)[C@@H]1C[C@H]1c1ccccc1)c1ccc(-c2ccccc2)cc1)C1CCCCC1,1
NC1(CN(C(=O)[C@@H]2C[C@H]2c2ccccc2)c2ccc(-c3ccccc3)cc2)CCCC1,1
CCCc1ccc(-c2ccc(N(C[C@@H](N)[C@@H](C)CC)C(=O)[C@@H]3C[C@H]3c3ccccn3)cc2)cc1,1
COCc1ccc(-c2ccc(N(C[C@@H](N)[C@@H](C)OC)C(=O)[C@@H]3C[C@H]3c3ccccn3)cc2)cc1,1
CCCc1ccc(-c2ccc(N(C[C@@H](N)[C@@H](C)CC)C(=O)[C@@H]3C[C@H]3c3ccccn3)cc2)cc1,1
CCc1nn2c(C)cc(C)nc2c1Cc1ccc(/C=C/C(=O)N2CCN(C)CC2)cc1,1
CCc1nn2c(C)cc(C)nc2c1Cc1ccc(-n2cc(CC3(O)CCN(C(=O)OC(C)(C)C)CC3)nn2)cc1,1
CCc1nn2c(C)cc(C)nc2c1Cc1ccc(-c2nnc(C3CCNCC3)o2)cc1,1
CCc1nc2c(C)cc(C)nc2n1Cc1ccc2c(c1)CCc1cc(CN3CCCCC3)ccc1N2,1
CCc1nn2c(C)cc(C)nc2c1Cc1ccc(OCCN2CCN[C@@H](COC)C2)cc1,1
CCc1nc2c(C)cc(C)nc2n1Cc1ccc(/C=C/CN2CCN(C(C)C)CC2)cc1,1
CCc1nn2c(C)cc(C)nc2c1Cc1ccc(CCC(=O)N2CCN(C(=O)OC(C)(C)C)CC2)cc1,1
CCc1nn2c(C)cc(C)nc2c1Cc1ccc(OC[C@H]2CC[C@@H](NC(=O)[C@H]3NCC[C@H]3O)CC2)cc1,1
CCc1nn2c(C)cc(C)nc2c1Cc1ccc(/C=C/CN2CCN(C(=O)[C@H](CO)NC)CC2)cc1,1
CCc1nn2c(C)cc(C)nc2c1Cc1ccc(CCCC2(O)CCN(C(=O)OC(C)(C)C)CC2)cc1,1
CCc1nn2c(C)cc(C)nc2c1Cc1ccc(/C=C/C2(O)CCN(C(=O)OC(C)(C)C)CC2)cc1,1
CCc1nn2c(C)cc(C)nc2c1Cc1ccc(OCCN2CCN(C(=O)OC(C)(C)C)CC2)cc1,1
CCc1nn2c(C)cc(C)nc2c1Cc1ccc(/C=C/CC2(O)CCNCC2)cc1,1
CCc1nn2c(C)cc(C)nc2c1Cc1ccc(-n2cc(CN3CCNCC3)cn2)cc1,1
CCc1nn2c(C)cc(C)nc2c1Cc1ccc(/C=C/CN2CCN(C(=O)CN)CC2)cc1,1
CCc1nn2c(C)cc(C)nc2c1Cc1ccc(-n2cc(CN3CCNCC3)nn2)cc1,1
CCc1nn2c(C)cc(C)nc2c1Cc1ccc(OC[C@H]2CC[C@@H](N)CC2)cc1,1
CCc1nn2c(C)cc(C)nc2c1Cc1ccc(/C=C/CN2CCN(C(=O)[C@H]3NCC[C@H]3O)CC2)cc1,1
CCc1nn2c(C)cc(C)nc2c1Cc1ccc(/C=C/CC2(O)CCN(C(=O)CN(C)C(=O)OC(C)(C)C)CC2)cc1,1
CCc1nn2c(C)cc(C)nc2c1Cc1ccc(/C=C/CC2(O)CN(C(=O)OC(C)(C)C)C2)cc1,1
CCc1nn2c(C)cc(C)nc2c1Cc1ccc(/C=C/CN2CCC(c3nnnn3C)CC2)cc1,1
CCc1nn2c(C)cc(C)nc2c1Cc1ccc(/C=C/CN2CCN[C@H](COC)C2)cc1,1
CCc1nn2c(C)cc(C)nc2c1Cc1ccc(/C=C/CN2CCN(C[C@@H](O)CO[Si](C)(C)C(C)(C)C)CC2)cc1,1
CCc1nn2c(C)cc(C)nc2c1Cc1ccc(/C=C/CN2CCN[C@H](CO)C2)cc1,1
CCc1nn2c(C)cc(C)nc2c1Cc1ccc(-n2cc(CN3CCC(N)CC3)cn2)cc1,1
CCc1nn2c(C)cc(C)nc2c1Cc1ccc(/C=C/CC2(O)CCN(C[C@@H](O)CO)CC2)cc1,1
CCc1nn2c(C)cc(C)nc2c1Cc1ccc(OCC2CCNCC2)cc1,1
CCc1nn2c(C)cc(C)nc2c1Cc1ccc(-n2cc(CN3CC(N)C3)cn2)cc1,1
CCc1nn2c(C)cc(C)nc2c1Cc1ccc(OCC2CCN(C(=O)[C@H]3NCC[C@H]3O)CC2)cc1,1
CCc1nn2c(C)cc(C)nc2c1Cc1ccc(/C=C/CN2CCN[C@@H](C)C2)cc1,1
CCc1nn2c(C)cc(C)nc2c1Cc1ccc(/C=C/C[C@]2(O)CCN[C@@H](C)C2)cc1,1
CCc1nn2c(C)cc(C)nc2c1Cc1ccc(-c2nnc(C3CCN(C(=O)[C@H](CO)NC)CC3)o2)cc1,1
CCc1nn2c(C)cc(C)nc2c1Cc1ccc(CCCN2CCN(C(C)C)CC2)cc1,1
CCc1nn2c(C)cc(C)nc2c1Cc1ccc(/C=C/CN2CCNCC2)cc1,1
CCc1nn2c(C)cc(C)nc2c1Cc1ccc(/C=C/CN2CCN(C)[C@@H](CN(C)C)C2)cc1,1
CCc1nn2c(C)cc(C)nc2c1Cc1ccc(-c2nnc([C@H]3CC[C@H](N)CC3)o2)cc1,1
O=c1oc2c(O)c(O)cc3c(=O)oc4c(O)c(O)cc1c4c23,1
CCOc1ccc(C(=O)Nc2cc(Br)cc3c(=O)cc(C(=O)O)oc23)cc1,1
O=C(Nc1cc(Br)cc2c(=O)cc(C(=O)O)oc12)c1ccccc1,1
O=C(Nc1cc(Br)cc2c(=O)cc(C(=O)O)oc12)c1ccc2c(c1)OCO2,1
COc1ccc(C(=O)Nc2cc(Br)cc3c(=O)cc(C(=O)O)oc23)nc1,1
O=C(O)COc1ccc(/C=C2\SC(=O)NC2=O)cc1,1
O=C(O)c1cc2ccccc2c(Cc2c(O)c(C(=O)O)cc3ccccc23)c1O,1
COc1ccc(C(=O)Nc2cc(C)cc3c(=O)cc(C(=O)O)oc23)cc1,1
COC(=O)c1cnn(-c2ccc(F)cc2F)c1/C=N/NC(=S)NC(C)(C)C,1
O=C(Nc1cc(Br)cc2c(=O)cc(C(=O)O)oc12)c1ccc(Cl)cc1,1
O=c1oc2ccccc2c(O)c1Cc1c(O)c2ccccc2oc1=O,1
COc1ccc(C(=O)Nc2cc(C)cc3c(=O)cc(C(=O)O)oc23)cc1,1
O=C(O)c1cc(=O)c2cc(Br)cc(NC(=O)c3ccc(Cl)cc3Cl)c2o1,1
COc1ccc(C(=O)Nc2cc(Br)cc3c(=O)cc(C(=O)O)oc23)cn1,1
COc1ccc(C(=O)Nc2cc(Br)cc3c(=O)cc(C(=O)O)oc23)cn1,1
COc1ccc(C(=O)Nc2cc(Cl)cc3c(=O)cc(C(=O)O)oc23)cc1,1
CC(/C=C1\SC(=S)N(CCCC(=O)Nc2ccc(C(=O)O)c(O)c2)C1=O)=C\c1ccccc1,1
O=C(Nc1cc(Br)cc2c(=O)cc(C(=O)O)oc12)c1ccc(Cl)c(Cl)c1,1
COc1ccc(C(=O)Nc2cc(OC)cc3c(=O)cc(C(=O)O)oc23)cc1,1
COc1ccc(C(=O)Nc2cc(Br)cc3c(=O)cc(C(=O)O)oc23)cn1,1
O=C1N/C(=N/c2ccccc2F)S/C1=C\c1ccc(C(=O)O)cc1,1
O=C1N/C(=N/c2ccccc2F)S/C1=C\c1ccc(C(=O)O)cc1,1
COc1ccc(C(=O)Nc2cc(F)cc3c(=O)cc(C(=O)O)oc23)cc1,1
O=C(Nc1cc(Br)cc2c(=O)cc(C(=O)O)oc12)c1ccc(Cl)c(Cl)c1,1
O=C(Nc1cc(Br)cc2c(=O)cc(C(=O)O)oc12)c1ccc(Cl)cc1,1
O=C(Nc1cc(Br)cc2c(=O)cc(C(=O)O)oc12)c1ccc(Cl)cc1,1
COc1ccc(C(=O)Nc2cc(Br)cc3c(=O)cc(C(=O)O)oc23)cc1,1
COc1ccc(C(=O)Nc2cc(OC)cc3c(=O)cc(C(=O)O)oc23)cc1,1
O=C(O)c1cc(=O)c2cc(F)cc(NC(=O)c3ccc(Cl)cc3Cl)c2o1,1
COc1ccc(C(=O)Nc2cc(Cl)cc3c(=O)cc(C(=O)O)oc23)cc1,1
O=C(O)c1cc(=O)c2cc(F)cc(NC(=O)c3ccc(Cl)cc3Cl)c2o1,1
O=C(O)c1cc(=O)c2cc(F)cc(NC(=O)c3ccc(Cl)cc3Cl)c2o1,1
COc1ccc(C(=O)Nc2cc(Cl)cc3c(=O)cc(C(=O)O)oc23)cc1,1
COc1ccc(C(=O)Nc2cc(Cl)cc3c(=O)cc(C(=O)O)oc23)cc1,1
O=C(O)c1cc(=O)c2cc(Br)cc(NC(=O)c3ccc(Cl)cc3Cl)c2o1,1
O=C(O)c1cc(=O)c2cc(Br)cc(NC(=O)c3ccc(Cl)cc3Cl)c2o1,1
O=C(O)c1cc(=O)c2cc(Br)cc(NC(=O)c3ccc(Cl)cc3Cl)c2o1,1
O=C(Nc1cc(Br)cc2c(=O)cc(C(=O)O)oc12)c1ccc(Cl)c(Cl)c1,1
O=C(Nc1cc(Br)cc2c(=O)cc(C(=O)O)oc12)c1ccc(Cl)c(Cl)c1,1
O=C(Nc1cc(Br)cc2c(=O)cc(C(=O)O)oc12)c1ccc2c(c1)OCO2,1
COc1ccc(C(=O)Nc2cc(Br)cc3c(=O)cc(C(=O)O)oc23)c(Cl)c1,1
COc1ccc(C(=O)Nc2cc(Br)cc3c(=O)cc(C(=O)O)oc23)cc1,1
COc1ccc(C(=O)Nc2cc(Br)cc3c(=O)cc(C(=O)O)oc23)cc1,1
O=C(Nc1cc(F)cc2c(=O)cc(C(=O)O)oc12)c1ccc(Cl)c(Cl)c1,1
O=C(O)c1cc2ccccc2c(Cc2c(O)c(C(=O)O)cc3ccccc23)c1O,1
COc1ccc(C(=O)Nc2cc(Br)cc3c(=O)cc(C(=O)O)oc23)c(Cl)c1,1
COc1ccc(C(=O)Nc2cc(Br)cc3c(=O)cc(C(=O)O)oc23)c(Cl)c1,1
COc1ccc(C(=O)Nc2cc(Br)cc3c(=O)cc(C(=O)O)oc23)c(Cl)c1,1
CC(/C=C1\SC(=S)N(CCCC(=O)Nc2ccc(C(=O)O)c(O)c2)C1=O)=C\c1ccccc1,1
COc1ccc(C(=O)Nc2cc(Cl)cc3c(=O)cc(C(=O)O)oc23)c(F)c1,1
O=[N+]([O-])c1cc(C(=C(Cl)Cl)c2cc([N+](=O)[O-])c(O)c([N+](=O)[O-])c2)cc([N+](=O)[O-])c1O,1
[3H]C([3H])([3H])Oc1ccc(C(=O)Nc2cc(Br)cc3c(=O)cc(C(=O)O)oc23)cc1,1
[3H]C([3H])([3H])Oc1ccc(C(=O)Nc2cc(Br)cc3c(=O)cc(C(=O)O)oc23)cc1,1
COc1cc(F)c(C(=O)Nc2cc(Br)cc3c(=O)cc(C(=O)O)oc23)c(F)c1,1
COc1ccc(C(=O)Nc2cc(Cl)cc3c(=O)cc(C(=O)O)oc23)cc1,1
[3H]C([3H])([3H])Oc1ccc(C(=O)Nc2cc(Br)cc3c(=O)cc(C(=O)O)oc23)cc1,1
COc1ccc(C(=O)Nc2cc(Br)cc3c(=O)cc(C(=O)O)oc23)cc1,1
O=C(Nc1cc(Br)cc2c(=O)cc(C(=O)O)oc12)c1ccc(Cl)cc1,1
COc1ccc(C(=O)Nc2cc(Br)cc3c(=O)cc(C(=O)O)oc23)c(F)c1,1
COc1ccc(C(=O)Nc2cc(Br)cc3c(=O)cc(C(=O)O)oc23)cc1F,1
O=C(O)c1cc(=O)c2cc(F)cc(NC(=O)c3ccc(Cl)cc3Cl)c2o1,1
O=C1N/C(=N/c2ccccc2F)S/C1=C\c1ccc(C(=O)O)cc1,1
O=C(Nc1cc(Br)cc2c(=O)cc(C(=O)O)oc12)c1ccc(Cl)c(Cl)c1,1
O=C(O)c1cc2ccccc2c(Cc2c(O)c(C(=O)O)cc3ccccc23)c1O,1
COc1ccc(C(=O)Nc2cc(Cl)cc3c(=O)cc(C(=O)O)oc23)c(F)c1,1
COc1ccc(C(=O)Nc2cc(Br)cc3c(=O)cc(C(=O)O)oc23)cc1F,1
COc1ccc(C(=O)Nc2cc(Br)cc3c(=O)cc(C(=O)O)oc23)c(F)c1,1
COc1ccc(C(=O)Nc2cc(Br)cc3c(=O)cc(C(=O)O)oc23)c(Cl)c1,1
O=C(O)c1cc(=O)c2cc(Br)cc(NC(=O)c3ccc(Cl)cc3Cl)c2o1,1
COc1cc(F)c(C(=O)Nc2cc(Br)cc3c(=O)cc(C(=O)O)oc23)c(F)c1,1
COc1cc(F)c(C(=O)Nc2cc(Br)cc3c(=O)cc(C(=O)O)oc23)c(F)c1,1
O=C(O)c1cc(=O)c2ccccc2[nH]1,1
O=C(O)c1cc(=O)c2ccccc2[nH]1,1
N#Cc1cc(NC(=O)C(=O)O)c(Cl)c(NC(=O)C(=O)O)c1,1
O=C(O)c1cc2ccccc2c(Cc2c(O)c(C(=O)O)cc3ccccc23)c1O,1
CCCOc1ccccc1-c1nc2[nH][nH]nc-2c(=O)n1,1
CCCOc1ccccc1-c1nc2[nH][nH]nc-2c(=O)n1,1
COC(=O)c1cnn(-c2ccc(F)cc2F)c1C=NNC(=S)NC(C)(C)C,1
COC(=O)c1cnn(-c2ccc(F)cc2F)c1C=NNC(=S)NC(C)(C)C,1
COC(=O)c1cnn(-c2ccc(F)cc2F)c1C=NNC(=S)NC(C)(C)C,1
COC(=O)c1cnn(-c2ccc(F)cc2F)c1C=NNC(=S)NC(C)(C)C,1
COc1cc(F)c(C(=O)Nc2cc(Br)cc3c(=O)cc(C(=O)O)oc23)c(F)c1,1
O=C(O)c1cc(=O)c2ccccc2[nH]1,1
O=C(O)c1cc(=O)c2ccccc2[nH]1,1
N#Cc1cc(NC(=O)C(=O)O)c(Cl)c(NC(=O)C(=O)O)c1,1
O=C(O)c1cc2ccccc2c(Cc2c(O)c(C(=O)O)cc3ccccc23)c1O,1
CCCOc1ccccc1-c1nc2[nH][nH]nc-2c(=O)n1,1
CCCOc1ccccc1-c1nc2[nH][nH]nc-2c(=O)n1,1
COC(=O)c1cnn(-c2ccc(F)cc2F)c1C=NNC(=S)NC(C)(C)C,1
COC(=O)c1cnn(-c2ccc(F)cc2F)c1C=NNC(=S)NC(C)(C)C,1
COC(=O)c1cnn(-c2ccc(F)cc2F)c1C=NNC(=S)NC(C)(C)C,1
COC(=O)c1cnn(-c2ccc(F)cc2F)c1C=NNC(=S)NC(C)(C)C,1
CNc1nc(NCc2ccncc2)cc(-c2ccccn2)n1,1
Cc1nc(NCc2ccc(Cl)cc2)cc(-c2ccccn2)n1,1
CNc1nc(NCC(C)(C)C)cc(-c2ccccn2)n1,1
FC(F)(F)CNc1nc(NCc2ccc(Cl)cc2)cc(-c2ccccn2)n1,1
N#Cc1ccc(N2CCN(Cc3cn4cc(Cl)ccc4n3)CC2)nc1,1
CNc1nc(NCc2ccc(S(C)(=O)=O)cc2)cc(-c2ccccn2)n1,1
CNC(=O)c1ccc(CNc2cc(-c3ccccn3)nc(NC)n2)cc1,1
CNc1nc(NC2(c3ccc(Cl)cc3)CCC2)cc(-c2ccccn2)n1,1
CNc1nc(NCc2ccc(Cl)cc2)cc(-c2ccccn2)n1,1
CNc1nc(NCc2ccc(OC(F)(F)F)cc2)cc(-c2ccccn2)n1,1
CNc1nc(NCC2CCCCC2)cc(-c2ccccn2)n1,1
O=S(=O)(NC[C@H]1CC[C@H](CNc2cc(-c3ccccn3)nc(NC3CC3)n2)CC1)c1cccc(F)c1,1
CNc1nc(NCc2ccc(NC(C)=O)cc2)cc(-c2ccccn2)n1,1
[Cl-].[Cl-].[Zn+2],1
CNc1nc(NCc2ccc(NS(C)(=O)=O)cc2)cc(-c2ccccn2)n1,1
CNc1nc(NCc2ccc(NC(C)=O)cc2F)cc(-c2ccccn2)n1,1
CNc1nc(NCc2ccc(Cl)cc2Cl)cc(-c2ccccn2)n1,1
CNc1nc(NCc2ccc(NS(C)(=O)=O)cc2Cl)cc(-c2ccccn2)n1,1
CNc1nc(NCc2ccc(NS(C)(=O)=O)cc2Cl)cc(-c2ccccn2)n1,1
CNc1nc(NCc2ccc(NC(C)=O)cc2)cc(-c2ccccn2)n1,1
CNc1nc(NCc2ccc(NC(C)=O)cc2F)cc(-c2ccccn2)n1,1
CNc1nc(NCc2ccc(NS(C)(=O)=O)cc2)cc(-c2ccccn2)n1,1
CNc1nc(NCc2ccc(NS(C)(=O)=O)cc2Cl)cc(-c2ccccn2)n1,1
CNc1nc(NCc2ccc(Cl)cc2Cl)cc(-c2ccccn2)n1,1
CNc1nc(NCc2ccc(Cl)cc2Cl)cc(-c2ccccn2)n1,1
CCc1ccc(CCc2nc(O)cc(O)n2)cc1,1
CCCCCCCCCc1nc(O)cc(O)n1,1
CCCCCCCc1nc(O)cc(O)n1,1
CCCCCCCCc1nc(O)cc(O)n1,1
CCCCCCCCNc1nc(O)cc(O)n1,1
CCCCCCCCc1cc(O)cc(O)n1,1
CCCCCCCc1cc(O)cc(O)n1,1
CCCCCCCCCc1cc(O)cc(O)n1,1
CCCCCCCCCc1cc(O)cc(O)n1,1
CCCCCCCCCCCC(=O)O,1
CCCCCCCCCCC(=O)O,1
CCCCCCCCC(O)C(=O)O,1
CCCCCCCCCCC(O)C(=O)O,1
CCCCCCCC(O)CC(=O)O,1
CCCCCCCCCC(O)CC(=O)O,1
CCCCCCCCNc1cc(=O)[nH]c(=O)[nH]1,1
CCCCCc1cccc(CC(=O)O)c1,1
CCCCCCCCCCCC(=O)O,1
O=c1cc(NCCc2ccc(Br)cc2)[nH]c(=O)[nH]1,1
CCCCCCCCCCC(=O)O,1
CCCCCCCCC(O)C(=O)O,1
CCCCCCCCCCC(O)C(=O)O,1
CCCCCCCC(O)CC(=O)O,1
CCCCCCCCCC(O)CC(=O)O,1
CCCCCCCCNc1cc(=O)[nH]c(=O)[nH]1,1
CCCCCc1cccc(CC(=O)O)c1,1
CC[C@@H]1[C@@H]2C[C@H](O)CC[C@]2(C)[C@H]2CC[C@@]3(C)[C@@H](CC[C@@H]3[C@H](C)CCC(=O)O)[C@@H]2[C@@H]1O,1
Cc1ccc(C(C/C(=N\O)c2ccncc2)c2ccc(N(C)C)cc2)cc1,1
O=C(NCCc1ccc(Cl)cc1)[C@@H]1CCCN(c2ncc(F)cn2)C1,1
CN1CCN(c2cc(N3CCC[C@@H](C(=O)NCCc4ccc(C#N)cc4)C3)nc(C(F)(F)F)n2)CC1,1
CCc1nc2c(c(C(N)=O)n1)CN(C(=O)CCc1ccc(OC(F)(F)F)cc1)CC2,1
Cc1cccc(C(C/C(=N\O)c2ccncc2)c2ccc(N(C)C)cc2)c1,1
Cc1ccccc1[C@@H](C/C(=N\O)c1ccc(=O)n(C)c1)c1ccc(S(C)(=O)=O)cc1,1
Cc1cc(/C(C[C@H](c2ccc(N3CCC(C(=O)O)CC3)cc2)c2ccccc2C)=N/O)ccn1,1
CCNc1nc2c(c(C(N)=O)n1)CN(C(=O)CCc1ccc(C)cc1)CC2,1
CCOC(=O)CNC(=O)c1oc2cc(Cl)c(C(=O)Oc3ccncc3C(=O)N3CCN(C4CC4)c4ccccc43)cc2c1C,1
Cc1cc(N2CCN(C)CC2)nc(N2CCC[C@@H](C(=O)NCCc3ccc(C#N)cc3)C2)n1,1
CCNc1nc2c(c(C(N)=O)n1)CN(C(=O)CCc1ccc(OC(F)(F)F)cc1)CC2,1
CCNc1nc2c(c(C(N)=O)n1)CN(C(=O)CCc1ccc(OC(F)(F)F)cc1)CC2,1
CCC(C)N(Cc1cccnc1)C(=O)c1c(C)nn(C)c1Oc1cccc(Cl)c1Cl,1
Cc1nn(C)c(Oc2cccc(F)c2F)c1C(=O)N1CCCCC1c1cccnc1,1
O=C(c1cnccc1Oc1ccc2ncccc2c1)N1CCN(C2CC2)c2ccccc21,1
Cc1c(C(=O)O)oc2cc(Cl)c(Oc3ccncc3C(=O)N3CCN(C4CC4)c4ccccc43)cc12,1
N#Cc1ccc(CCNC(=O)[C@@H]2CCCN(c3cc(N4CCNCC4)nc(C(F)(F)F)n3)C2)cn1,1
O=S(=O)(NCc1cnccc1-c1ccccc1F)c1cc(C(F)(F)F)cc(C(F)(F)F)c1,1
O=S(=O)(NCc1cnccc1-c1c(F)cccc1F)c1cc(C(F)(F)F)cc(C(F)(F)F)c1,1
Cc1nn(C)c(Oc2cccc(Cl)c2Cl)c1C(=O)N(Cc1cncs1)C(C)C,1
Cc1ccccc1[C@H](C/C(=N\O)c1ccc(=O)n(C)c1)c1ccc(-c2ccc(C(=O)O)cc2)cc1,1
Cc1ccnc(N2CCC[C@@H](C(=O)NCCc3ccc(Cl)cc3)C2)n1,1
N#CC(NCc1cnccc1-c1ccccc1)c1cc(C(F)(F)F)cc(C(F)(F)F)c1,1
O=C(c1cnccc1Oc1ccc2cccnc2c1)N1CCN(C2CC2)c2ccccc21,1
Cc1cc(/C(C[C@@H](c2ccc(-c3ccc(C(=O)O)cc3)cc2)c2ccccc2C)=N/O)ccn1,1
O=C(c1ccsc1)N(Cc1cnccc1-c1ccccc1F)S(=O)(=O)c1cc(C(F)(F)F)cc(C(F)(F)F)c1,1
N#CC(NCc1cnccc1-c1c(F)cccc1F)c1cc(C(F)(F)F)cc(C(F)(F)F)c1,1
Cc1ccc(CN(C(=O)c2c(C)nn(C)c2Oc2cccc(Cl)c2Cl)C(C)C)cn1,1
CCNc1nc2c(c(C(N)=O)n1)CN(C(=O)CCc1ccc(SC(F)(F)F)cc1)CC2,1
O=C(c1cncnc1Oc1cc(Cl)ccc1Cl)N1CCCc2ccccc21,1
CCc1nnn(-c2ccccc2)c1C(=O)N(C)c1ccc(Cl)cc1,1
CN(C)c1ccc(C(C/C(=N\O)c2ccncc2)c2ccccc2)cc1,1
CCNc1nc2c(c(C(N)=O)n1)CN(C(=O)CCc1ccc(C(C)(F)F)nc1)CC2,1
NC(=O)c1nc(C2CC2)nc2c1CN(C(=O)CCc1ccc(OC(F)(F)F)cc1)CC2,1
CSc1ncc(C(=O)N2CCNc3ccccc32)c(Oc2cc(Cl)ccc2Cl)n1,1
O=C(c1cnccc1Oc1ccc2ccccc2c1)N1CCN(C2CC2)c2ccccc21,1
O=C(c1cnccc1Oc1cccc2ncccc12)N1CCN(C2CC2)c2ccccc21,1
CCN1CCN(c2cc(N3CCC[C@@H](C(=O)NCCc4cnc(C#N)nc4)C3)nc(C(F)(F)F)n2)CC1,1
CCOC(=O)c1oc2cc(Cl)c(Oc3ccncc3C(=O)N3CCN(C4CC4)c4ccccc43)cc2c1C,1
COc1ccc(C(C)(C)c2cnc(SCCOc3ccccc3)n2-c2ccc(F)cc2)cc1OC,1
Cc1c(CCC(=O)O)oc2ccc(Cl)c(Oc3ccncc3C(=O)N3CCN(C4CC4)c4ccccc43)c12,1
N#CC(NCc1cnccc1-c1ccccc1F)c1cc(C(F)(F)F)cc(C(F)(F)F)c1,1
Cc1c(/C=C/C(=O)NCC(=O)O)oc2ccc(Cl)c(C(=O)Oc3ccncc3C(=O)N3CCN(C4CC4)c4ccccc43)c12,1
Cc1nn(C)c(Oc2cccc(Cl)c2Cl)c1C(=O)N(Cc1cccnc1)C(C)C,1
Cc1ccnc(N2CCC[C@@H](C(=O)NCCc3ccc(Br)cc3)C2)n1,1
COc1ccc(C(C)(C)c2cnc(SCCOc3ccc(-c4nccs4)cc3)n2-c2ccc(F)cc2)cc1OC,1
O=C(c1ccco1)N(Cc1cnccc1-c1ccccc1F)S(=O)(=O)c1cc(C(F)(F)F)cc(C(F)(F)F)c1,1
O=C(c1ccccc1)N(Cc1cnccc1-c1ccccc1F)S(=O)(=O)c1cc(C(F)(F)F)cc(C(F)(F)F)c1,1
CCOC(=O)CNC(=O)CCc1oc2ccc(Cl)c(Oc3ccncc3C(=O)N3CCN(C4CC4)c4ccccc43)c2c1C,1
N#Cc1ccc(CCNC(=O)[C@@H]2CCN2c2cc(N3CCC(Oc4ccc(CC(=O)O)cc4)CC3)nc(C(F)(F)F)n2)cc1,1
Cc1cc(/C(CC(c2ccc(Br)cc2)c2ccccc2C)=N/O)ccn1,1
Cc1ccccc1[C@H](C/C(=N\O)c1ccc(=O)n(C)c1)c1ccc(S(C)(=O)=O)cc1,1
N#Cc1ccc(CCNC(=O)[C@@H]2CCCN(c3cc(N4CCC(C(=O)O)CC4)nc(C(F)(F)F)n3)C2)cc1,1
Cc1ccccc1C(C/C(=N\O)c1ccncc1)c1ccc(N(C)C)cc1,1
Cc1c(/C=C/C(=O)O)oc2ccc(Cl)c(Oc3ccncc3C(=O)N3CCN(C4CC4)c4ccccc43)c12,1
O=C(c1cnccc1Oc1ccc2ccoc2c1)N1CCN(C2CC2)c2ccccc21,1
N#Cc1ccc(CCNC(=O)[C@@H]2CCN2c2cc(-c3ccc(-c4ccc(C(=O)O)cc4)cc3)nc(C(F)(F)F)n2)cc1,1
Cc1ccc(N(C)C(=O)c2c(-c3ccccc3Cl)noc2C)cc1Cl,1
COC(=O)CCc1coc2cc(Cl)c(C(=O)Oc3ccncc3C(=O)N3CCN(C4CC4)c4ccccc43)cc12,1
Cc1ccc(N(C)C(=O)c2c(-c3ccccc3Cl)noc2C)cc1Cl,1
Cc1cc(/C(C[C@@H](c2ccc(N3CCC(C(=O)O)CC3)cc2)c2ccccc2C)=N/O)ccn1,1
CN1CCN(C(=O)c2cnc(O)nc2Nc2cc(Cl)ccc2Cl)c2ccccc21,1
CN1CCN(c2cc(N3CCCC[C@H]3C(=O)NCCc3ccc(C#N)cc3)nc(C(F)(F)F)n2)CC1,1
Cc1cc(/C(CC(c2ccc(-c3ccc(C(=O)O)cc3)cc2)c2ccccc2C)=N/O)ccn1,1
COc1ccc(C(C)(C)c2cnc(SCCOc3ccc(-n4cccn4)cc3)n2-c2ccc(F)cc2)cc1OC,1
CCN1CCN(c2cc(N3CC[C@H]3C(=O)NCCc3ccc(C#N)nc3)nc(C(F)(F)F)n2)CC1,1
O=C1COc2nccc(-c3ccccc3F)c2CN1Cc1cc(C(F)(F)F)cc(C(F)(F)F)c1,1
CCOC(=O)CCc1oc2ccc(Cl)c(C(=O)Oc3ccncc3C(=O)N3CCN(C4CC4)c4ccccc43)c2c1C,1
Cc1nn(C)c(Oc2cccc(Cl)c2Cl)c1C(=O)N(Cc1cccnc1)C1CCOC1,1
N#Cc1ccc(CCNC(=O)[C@@H]2CCN2c2cc(N3CCC(Oc4ccc(C(=O)O)cc4)CC3)nc(C(F)(F)F)n2)cc1,1
COc1ccc(C(C)(C)c2cnc(SCc3c(F)cccc3Cl)n2-c2ccc(F)cc2)cc1OC,1
N#Cc1ccc(CCNC(=O)[C@@H]2CCCN(c3nccc(C(F)(F)F)n3)C2)cc1,1
O=C(c1cnccc1Oc1cccc2ccccc12)N1CCN(C2CC2)c2ccccc21,1
COc1ccc(C(C)(C)c2cnc(SCCOc3ccc(-n4cncn4)cc3)n2-c2ccc(F)cc2)cc1OC,1
O=C(c1cnccc1Oc1ccc2sccc2c1)N1CCN(C2CC2)c2ccccc21,1
Cc1nn(C)c(Oc2ccccc2C(F)(F)F)c1C(=O)N1CCCCC1c1cccnc1,1
Cc1nn(C)c(Oc2ccccc2Cl)c1C(=O)N1CCCCC1c1cccnc1,1
O=C(c1cnccc1Oc1ccc2ncsc2c1)N1CCN(C2CC2)c2ccccc21,1
N#Cc1ccc(CCNC(=O)[C@@H]2CCN2c2cc(-c3ccc([C@H]4CC[C@H](C(=O)O)CC4)cc3)nc(C(F)(F)F)n2)cc1,1
Cc1nn(C)c(Oc2cccc(Cl)c2Cl)c1C(=O)N(C)Cc1cccnc1,1
N#Cc1ccc(CCNC(=O)[C@@H]2CCCN(c3cc(N4CCNCC4)nc(C(F)(F)F)n3)C2)cc1,1
N#Cc1ccc(CCNC(=O)[C@@H]2CCCN(c3cc(N4CCC(Oc5ccc(CC(=O)O)cc5)CC4)nc(C(F)(F)F)n3)C2)cc1,1
Cc1nc(N2CCC[C@@H](C(=O)NCCc3ccc(C#N)cc3)C2)ncc1F,1
CC1(C(=O)O)CCN(c2cc(N3CCC[C@@H](C(=O)NCCc4ccc(C#N)cc4)C3)nc(C(F)(F)F)n2)CC1,1
CSc1ncc(C(=O)N2CCN(C)c3ccccc32)c(Oc2cc(Cl)ccc2Cl)n1,1
Cc1ccccc1C(C/C(=N\O)c1ccncc1)c1ccc(Br)cc1,1
Cc1nn(C)c(Oc2ccc(Cl)cc2Cl)c1C(=O)N1CCCCC1c1cccnc1,1
COc1cc(C2CCN(c3cc(N4CC[C@H]4C(=O)NCCc4ccc(C#N)cc4)nc(C(F)(F)F)n3)CC2)ccc1C(=O)O,1
Cc1cc(/C(C[C@H](c2ccc(-c3ccc(C(=O)O)cc3)cc2)c2ccccc2C)=N/O)ccn1,1
O=C(c1cnccc1Oc1ccc2occc2c1)N1CCN(C2CC2)c2ccccc21,1
O=C(c1cccnc1Oc1cc(Cl)ccc1Cl)N1CCCc2ccccc21,1
CCNc1nc2c(c(C(N)=O)n1)CN(C(=O)CCc1ccc(CC)cc1)CC2,1
CCOC(=O)/C=C/c1oc2ccc(Cl)c(Oc3ccncc3C(=O)N3CCN(C4CC4)c4ccccc43)c2c1C,1
CCOC(=O)CNC(=O)/C=C/c1oc2ccc(Cl)c(Oc3ccncc3C(=O)N3CCN(C4CC4)c4ccccc43)c2c1C,1
COc1ccc(C(C)(C)c2cnc(SCCOc3ccc(-n4ccnc4C)cc3F)n2-c2ccc(F)cc2)cc1OC,1
Cc1ccccc1C(C/C(=N\O)c1ccc(=O)n(C)c1)c1ccc(Br)cc1,1
CN1CCN(c2cc(N3CCC[C@H]3C(=O)NCCc3ccc(C#N)cc3)nc(C(F)(F)F)n2)CC1,1
Cc1nc(N2CCC[C@@H](C(=O)NCCc3ccc(Cl)cc3)C2)ncc1F,1
Cc1nn(C)c(Oc2cccc(Cl)c2Cl)c1C(=O)N(Cc1cccnc1)C1CC1,1
Cc1nn(C)c(Oc2cccc(Cl)c2Cl)c1C(=O)N1CCCCC1c1cccnc1,1
COc1ccc(C(C)(C)c2cnc(SCCOc3ccc(-n4cccc4)cc3)n2-c2ccc(F)cc2)cc1OC,1
Cc1c(Br)oc2cc(Cl)c(Oc3ccncc3C(=O)N3CCN(C4CC4)c4ccccc43)cc12,1
Cc1nn(C)c(Oc2cccc(Cl)c2Cl)c1C(=O)N1CCCC[C@@H]1c1cccnc1,1
CN1CCN(C(=O)c2cccnc2Oc2cc(Cl)ccc2Cl)c2ccccc21,1
CN1CCN(c2cc(N3CCC[C@@H](C(=O)NCCc4ccc(C#N)nc4)C3)nc(C(F)(F)F)n2)CC1,1
COc1ccc(C(C)(C)c2cnc(SCCOc3ccc(-n4ccnc4)cc3F)n2-c2ccc(F)cc2)cc1OC,1
CC(=O)c1cccc(Oc2ccncc2C(=O)N2CCN(C3CC3)c3ccccc32)c1,1
COc1cccc(-n2nnc(C3CC3)c2C(=O)N(C)c2ccc(C#N)cc2)c1,1
CCOC(=O)Cc1coc2cc(Cl)c(Oc3ccncc3C(=O)N3CCN(C4CC4)c4ccccc43)cc12,1
CN1CCN(C(=O)C2(C(=O)Nc3cc(Cl)ccc3Cl)CC2)c2ccccc21,1
CCNc1nc2c(c(C(N)=O)n1)CN(C(=O)CCc1ccc(CC(F)(F)F)cc1)CC2,1
CN1CCN(c2cc(N3CC[C@H]3C(=O)NCCc3ccc(C#N)cc3)nc(C(F)(F)F)n2)CC1,1
Cc1nc(N2CCC[C@@H](C(=O)NCCc3ccc(C#N)cc3)C2)nc(N2CCN(C)CC2)c1F,1
Cc1cc(/C(C[C@H](c2ccc(N3CCC(C(=O)O)CC3)cc2)c2ccccc2C)=N/O)ccn1,1
CN1CCN(C(=O)c2cnc(O)nc2Oc2cc(Cl)ccc2Cl)c2ccccc21,1
CN1CCN(C(=O)c2cncnc2Oc2cc(Cl)ccc2Cl)c2ccccc21,1
CCOc1nc2c(c(C(N)=O)n1)CN(C(=O)CCc1ccc(OC(F)(F)F)cc1)CC2,1
CN1CCN(c2cc(N3CCC[C@@H](C(=O)NCCc4ccc(C#N)cc4)C3)nc(C(F)(F)F)n2)CC1,1
NC(=O)c1nc(C2CC2)nc2c1CN(C(=O)CCc1ccc(OC(F)(F)F)cc1)CC2,1
CCNc1nc2c(c(C(N)=O)n1)CN(C(=O)CCc1ccc(C(C)(F)F)cc1)CC2,1
CCNc1nc2c(c(C(N)=O)n1)CN(C(=O)CCc1ccc(C(C)C)cc1)CC2,1
CCC(C)N(Cc1cccnc1)C(=O)c1c(C)nn(C)c1Oc1cccc(Cl)c1Cl,1
CC(=O)c1cc(C(=O)N2CCN(C3CC3)c3ccccc32)ccc1O,1
CCNc1nc2c(c(C(N)=O)n1)CN(C(=O)CCc1ccc(OC(F)(F)F)cc1)CC2,1
CCNc1nc2c(c(C(N)=O)n1)CN(C(=O)CCc1ccc(OC(F)(F)F)cc1)CC2,1
COc1ccc(C(C)(C)c2cnc(SCCOc3ccc(C#N)cc3)n2-c2ccc(F)cc2)cc1OC,1
CCc1nc2c(c(C(N)=O)n1)CN(C(=O)CCc1ccc(OC(F)(F)F)cc1)CC2,1
CN1CCN(c2cc(C(F)(F)F)nc(N3CCC[C@@H](C(=O)NCCc4ccc(C#N)cc4)C3)n2)CC1,1
Cc1nn(C)c(Oc2cccc(Cl)c2Cl)c1C(=O)N(Cc1cncs1)C(C)C,1
CCOC(=O)c1coc2cc(Cl)c(Oc3ccncc3C(=O)N3CCN(C4CC4)c4ccccc43)cc12,1
CCNc1nc2c(c(C(N)=O)n1)CN(C(=O)CCc1ccc(SC(F)(F)F)cc1)CC2,1
Cc1noc2ccc(Oc3ccncc3C(=O)N3CCN(C4CC4)c4ccccc43)cc12,1
COc1ccc(C(C)(C)c2cnc(SCCOc3ccc(-n4ccnc4C)cc3)n2-c2ccc(F)cc2)cc1OC,1
O=C(c1cnccc1Oc1cc2ccoc2cc1Cl)N1CCN(C2CC2)c2ccccc21,1
Cc1ccc(CN(C(=O)c2c(C)nn(C)c2Oc2cccc(Cl)c2Cl)C(C)C)cn1,1
CCN(Cc1cccnc1)C(=O)c1c(C)nn(C)c1Oc1cccc(Cl)c1Cl,1
N#Cc1ccc(CCNC(=O)[C@@H]2CCCN(c3cc(N4CCN(C5COC5)CC4)nc(C(F)(F)F)n3)C2)cc1,1
Cc1coc2ccc(Oc3ccncc3C(=O)N3CCN(C4CC4)c4ccccc43)cc12,1
Cc1nn(C)c(Oc2cccc(Cl)c2Cl)c1C(=O)N(Cc1cccnc1)C(C)C,1
Cc1coc2cc(Cl)c(Oc3ccncc3C(=O)N3CCN(C4CC4)c4ccccc43)cc12,1
COc1ccc(C(C)(C)c2cnc(SCCOc3ccc(-n4ccnc4)cc3)n2-c2ccc(F)cc2)cc1OC,1
Cc1cc2c(CN(C(=O)c3ccncc3C)c3ccc(F)cc3C)cccc2[nH]1,1
Cc1cc2c(CN(C(=O)c3ccncc3C)c3ccc(F)cc3C)cccc2[nH]1,1
CC[C@@H]1[C@@H]2C[C@H](O)CC[C@]2(C)[C@H]2C[C@H](O)[C@@]3(C)[C@@H](CC[C@@H]3[C@H](C)C[C@H](C)C(=O)O)[C@@H]2[C@@H]1O,1
C=C(C)[C@@H]1CC[C@]2(C(=O)O)CC[C@]3(C)[C@H](CC[C@@H]4[C@@]5(C)CC[C@H](O)C(C)(C)[C@@H]5CC[C@]43C)[C@@H]12,1
C[C@H](CCC(=O)O)[C@H]1CC[C@H]2[C@H]3[C@H](CC[C@@]21C)[C@@]1(C)CC[C@@H](O)C[C@H]1C[C@H]3O,1
C[C@H](CCC(=O)O)[C@H]1CC[C@H]2[C@H]3[C@H](C[C@H](O)[C@@]21C)[C@@]1(C)CC[C@@H](O)C[C@H]1C[C@H]3O,1
C[C@H](CCC(=O)O)[C@H]1CC[C@H]2[C@@H]3CC[C@@H]4C[C@H](O)CC[C@]4(C)[C@H]3C[C@H](O)[C@@]21C,1
C[C@H](CCC(=O)O)[C@H]1CC[C@H]2[C@@H]3CC[C@@H]4C[C@H](O)CC[C@]4(C)[C@H]3CC[C@@]21C,1
CC1(C)CC[C@]2(C(=O)O)CC[C@]3(C)C(=CC[C@@H]4[C@@]5(C)CC[C@H](O)C(C)(C)[C@@H]5CC[C@]43C)[C@@H]2C1,1
Cc1cc2c(CN(C(=O)c3ccncc3C)c3ccc(F)cc3C)cccc2[nH]1,1
Cc1cc2c(CN(C(=O)c3ccncc3C)c3ccc(F)cc3C)cccc2[nH]1,1
CC[C@@H]1[C@@H]2C[C@H](O)CC[C@]2(C)[C@H]2C[C@H](O)[C@@]3(C)[C@@H](CC[C@@H]3[C@H](C)C[C@H](C)C(=O)O)[C@@H]2[C@@H]1O,1
C=C(C)[C@@H]1CC[C@]2(C(=O)O)CC[C@]3(C)[C@H](CC[C@@H]4[C@@]5(C)CC[C@H](O)C(C)(C)[C@@H]5CC[C@]43C)[C@@H]12,1
C[C@H](CCC(=O)O)[C@H]1CC[C@H]2[C@H]3[C@H](CC[C@@]21C)[C@@]1(C)CC[C@@H](O)C[C@H]1C[C@H]3O,1
C[C@H](CCC(=O)O)[C@H]1CC[C@H]2[C@H]3[C@H](C[C@H](O)[C@@]21C)[C@@]1(C)CC[C@@H](O)C[C@H]1C[C@H]3O,1
C[C@H](CCC(=O)O)[C@H]1CC[C@H]2[C@@H]3CC[C@@H]4C[C@H](O)CC[C@]4(C)[C@H]3C[C@H](O)[C@@]21C,1
C[C@H](CCC(=O)O)[C@H]1CC[C@H]2[C@@H]3CC[C@@H]4C[C@H](O)CC[C@]4(C)[C@H]3CC[C@@]21C,1
CC1(C)CC[C@]2(C(=O)O)CC[C@]3(C)C(=CC[C@@H]4[C@@]5(C)CC[C@H](O)C(C)(C)[C@@H]5CC[C@]43C)[C@@H]2C1,1
CCCCc1c(C(=O)NC2CCCc3ncn(C)c32)cnn1-c1ncc(C)c(-c2cccs2)n1,1
CCOC(=O)CN[C@@H](Cc1ccccc1)C(=O)Nc1cc(-c2ccncc2)nn1C,1
CCOCc1c(C(=O)NCc2cncn2C)cnn1-c1ncc(C)c(OCC)n1,1
O=C(Nc1cc(-c2ccncc2)n[nH]1)[C@H](Cc1ccccc1)NCc1cncs1,1
CCCCc1c(C(=O)NCc2ccnn2C)cnn1-c1ncc(C)c(-c2cccs2)n1,1
O=C(Nc1cc(-c2ccncc2)c[nH]c1=O)[C@H](Cc1ccccc1)NCc1cncs1,1
O=C(Nc1cnc(-c2ccncc2)s1)[C@H](Cc1ccccc1)NCc1cncs1,1
CNc1cc(-c2cc(NC(=O)[C@H](Cc3ccc(F)cc3)NCC(N)=O)n(C)n2)ccn1,1
CNc1cc(-c2cc(NC(=O)[C@H](Cc3ccc(F)cc3)NCc3nn[nH]n3)n(C)n2)ccn1,1
Cn1nc(-c2ccncc2)cc1NC(=O)[C@H](Cc1ccccc1)NCC(=O)O,1
CNc1cc(-c2cc(NC(=O)[C@H](Cc3ccc(F)cc3)NCc3cncs3)n(C)n2)ccn1,1
CNc1cc(-c2cc(NC(=O)[C@H](Cc3ccc(F)cc3)NCC(=O)O)n(C)n2)ccn1,1
CNc1cc(-c2cc(NC(=O)[C@H](Cc3ccccc3)NCc3cncs3)n(C)n2)ccn1,1
Cn1nc(-c2ccncc2)cc1NC(=O)[C@H](Cc1ccccc1)NCc1cncs1,1
CCCCc1c(C(=O)NCc2cnc(C)n2C)cnn1-c1ncc(C)c(-c2cccs2)n1,1
CCOCc1c(C(=O)NCc2ccncc2)cnn1-c1ncc(C)c(-c2cccs2)n1,1
CCOCc1c(C(=O)NCc2cncn2C)cnn1-c1ncc(C)c(N2CCC2)n1,1
CNc1cc(-c2cc(NC(=O)[C@H](Cc3ccc(F)cc3)NCc3c[nH]nn3)n(C)n2)ccn1,1
CCOCc1c(C(=O)NCc2cncn2C)cnn1-c1ncc(C)c(NC2CCC2)n1,1
CCOCc1c(C(=O)NCc2cncn2C)cnn1-c1ncc(C)c(N2CCCCC2)n1,1
CCOCc1c(C(=O)NCc2cncn2C)cnn1-c1ncc(C)c(N2CCCC2)n1,1
CCCCc1c(C(=O)NCc2ccncc2)cnn1-c1ncc(C)c(-c2cccs2)n1,1
CCCc1c(C(=O)NC(C)(C)c2ccncc2)cnn1-c1ncc(C)c(-c2cccs2)n1,1
CCOCc1c(C(=O)NCc2cncn2C)cnn1-c1ncc(C)c(-c2cccs2)n1,1
CCCCc1c(C(=O)NCc2c(C)ncn2C)cnn1-c1ncc(C)c(-c2cccs2)n1,1
CCCCc1c(C(=O)NCc2cncn2C)cnn1-c1ncc(C)c(-c2cccs2)n1,1
CCCCc1c(C(=O)NCc2cncn2CC(=O)O)cnn1-c1ncc(C)c(-c2cccs2)n1,1
CCOCc1c(C(=O)NCc2cncn2C)cnn1-c1ncc(C)c(N2CCCCC2)n1,1
CCOCc1c(C(=O)NCc2cncn2C)cnn1-c1ncc(C)c(N2CCCCC2)n1,1
O=C(COc1ccc2ccccc2c1)N1CCN(C(=O)Cc2ccccc2)CC1,1
O=C(COc1ccc2ccccc2c1)N1CCN(C(=O)Cc2ccccc2)CC1,1
O=C(COc1ccc2ccccc2c1)N1CCN(C(=O)Cc2ccccc2)CC1,1
O=C(COc1ccc2ccccc2c1)N1CCN(C(=O)Cc2ccccc2)CC1,1
COc1ccc(C(=O)N2CCN(C(=O)/C=C/c3ccc(Br)cc3)CC2)cc1,1
COc1ccc(C(=O)N2CCN(C(=O)/C=C/c3ccc(Br)cc3)CC2)cc1,1
C[C@H](CCCC(C)(C)O)[C@H]1CC[C@H]2[C@@H]3CC=C4C[C@@H](O)CC[C@]4(C)[C@H]3CC[C@@]21C,1
C[C@@H](CO)CCC[C@@H](C)[C@H]1CC[C@H]2[C@@H]3CC=C4C[C@@H](O)CC[C@]4(C)[C@H]3CC[C@@]21C,1
C[C@@H](CO)CCC[C@@H](C)[C@H]1CC[C@H]2[C@@H]3[C@H](O)C=C4C[C@@H](O)CC[C@]4(C)[C@H]3CC[C@@]21C,1
CC(C)CCC[C@@H](C)[C@H]1CC[C@H]2[C@@H]3[C@H](O)C=C4C[C@@H](O)CC[C@]4(C)[C@H]3CC[C@@]21C,1
C[C@H](CCCC(C)(C)O)[C@H]1CC[C@H]2[C@H]3[C@H](CC[C@@]21C)[C@@]1(C)CC[C@H](O)CC1=C[C@@H]3O,1
C[C@@H](CO)CCC[C@@H](C)[C@H]1CC[C@H]2[C@H]3[C@H](CC[C@@]21C)[C@@]1(C)CC[C@H](O)CC1=C[C@@H]3O,1
CC(C)CCC[C@@H](C)[C@H]1CC[C@H]2[C@H]3[C@H](CC[C@@]21C)[C@@]1(C)CC[C@H](O)CC1=C[C@@H]3O,1
C[C@H](CCCC(C)(C)O)[C@H]1CC[C@H]2[C@@H]3CC=C4C[C@@H](O)CC[C@]4(C)[C@H]3CC[C@@]21C,1
C[C@@H](CO)CCC[C@@H](C)[C@H]1CC[C@H]2[C@@H]3CC=C4C[C@@H](O)CC[C@]4(C)[C@H]3CC[C@@]21C,1
C[C@@H](CO)CCC[C@@H](C)[C@H]1CC[C@H]2[C@@H]3[C@H](O)C=C4C[C@@H](O)CC[C@]4(C)[C@H]3CC[C@@]21C,1
CC(C)CCC[C@@H](C)[C@H]1CC[C@H]2[C@@H]3[C@H](O)C=C4C[C@@H](O)CC[C@]4(C)[C@H]3CC[C@@]21C,1
C[C@H](CCCC(C)(C)O)[C@H]1CC[C@H]2[C@H]3[C@H](CC[C@@]21C)[C@@]1(C)CC[C@H](O)CC1=C[C@@H]3O,1
C[C@@H](CO)CCC[C@@H](C)[C@H]1CC[C@H]2[C@H]3[C@H](CC[C@@]21C)[C@@]1(C)CC[C@H](O)CC1=C[C@@H]3O,1
CC(C)CCC[C@@H](C)[C@H]1CC[C@H]2[C@H]3[C@H](CC[C@@]21C)[C@@]1(C)CC[C@H](O)CC1=C[C@@H]3O,1
NCC(=O)O,1
C[C@H](N)C(=O)O,1
NC(N)=NCCC[C@H](N)C(=O)O,1
NC(=O)NCCC[C@H](N)C(=O)O,1
NC(=O)CC[C@H](N)C(=O)O,1
NCCCC[C@H](N)C(=O)O,1
NCCC[C@H](N)C(=O)O,1
N[C@@H](CO)C(=O)O,1
C[C@@H](NCc1cc2ccccc2[nH]1)c1cccc2ccccc12,1
CC(C)(Cc1ccc2ccccc2c1)NC[C@@H](O)COc1cccc(Cl)c1C#N,1
NCC(=O)O,1
C[C@H](N)C(=O)O,1
NC(N)=NCCC[C@H](N)C(=O)O,1
NC(=O)NCCC[C@H](N)C(=O)O,1
NC(=O)CC[C@H](N)C(=O)O,1
NCCCC[C@H](N)C(=O)O,1
NCCC[C@H](N)C(=O)O,1
N[C@@H](CO)C(=O)O,1
C[C@@H](NCc1cc2ccccc2[nH]1)c1cccc2ccccc12,1
CC(C)(Cc1ccc2ccccc2c1)NC[C@@H](O)COc1cccc(Cl)c1C#N,1
CCCCC/C=C\C=C\[C@@H](O)CCCCCCCC(=O)O,1
CCCCC/C=C\C=C\[C@@H](O)CCCCCCCC(=O)O,1
CC/C=C\C[C@H](O)/C=C/C=C\C=C\C=C\[C@H](O)[C@@H](O)C/C=C\CCC(=O)O,1
CCCCC[C@H](O)/C=C/C=C\C=C\C=C\[C@@H](O)[C@@H](O)CCCC(=O)O,1
CC/C=C\C[C@H](O)/C=C/C=C\C=C\C=C\[C@H](O)[C@@H](O)C/C=C\CCC(=O)O,1
CC/C=C\C[C@H](O)/C=C/C=C\C=C\C=C\[C@@H](O)[C@@H](O)C/C=C\CCC(=O)OC,1
CC/C=C\C[C@H](O)/C=C/C=C\C=C\C=C\[C@H](O)[C@@H](O)C/C=C\CCC(=O)O,1
CCCCC[C@H](O)/C=C/C=C\C=C\C=C\[C@@H](O)[C@@H](O)CCCC(=O)O,1
CC/C=C\C[C@H](O)/C=C/C=C\C=C\C=C\[C@H](O)[C@@H](O)C/C=C\CCC(=O)O,1
CC/C=C\C[C@H](O)/C=C/C=C\C=C\C=C\[C@@H](O)[C@@H](O)C/C=C\CCC(=O)OC,1
CCCCCCCCCCCCCCCCCC(=O)OC[C@@H](O)COP(=O)(O)OC[C@H](N)C(=O)O,1
CCCCCCCCCCCCCCCCCC(=O)OC[C@@H](O)COP(=O)(O)OC[C@H](N)C(=O)O,1
[Cl-].c1ccc2c(c1)[I+]c1ccccc1-2,1
[Cl-].c1ccc2c(c1)[I+]c1ccccc1-2,1
CCCCCCCCCCCCCCC[C@@H](O)[C@@H](N)COP(=O)(O)O,1
CCCCCCCC/C=C\CCCCCCCC(=O)OCC(COP(=O)(O)O)OC(=O)CCCCCCC/C=C\CCCCCCCC,1
CCCCCCCCCCCCCCC[C@@H](O)[C@@H](N)COP(=O)(O)O,1
CCCCCCCC/C=C\CCCCCCCC(=O)OCC(COP(=O)(O)O)OC(=O)CCCCCCC/C=C\CCCCCCCC,1
Nc1nc(NCc2ccccc2)nc(-c2ccccc2CO)n1,1
Nc1nc(NCc2ccccc2)nc(-c2ccccc2CO)n1,1
CCCCCCCC/C=C\CCCCCCCC(=O)OCC(O)COP(=O)(O)O,1
CCCCCCCC/C=C\CCCCCCCC(=O)OCC(O)COP(=O)(O)O,1
NCCC(=O)O,1
NCCC(=O)O,1
NCCC(=O)O,1
NCCC(=O)O,1
NCCC(=O)O,1
NCCC(=O)O,1
CNCCc1ccc(OC)c(Cc2cc(CCNC)cc(Cc3cc(CCNC)ccc3OC)c2OC)c1,1
CN(C)[C@@H]1CCN(c2cc(-c3ccccc3)nc3ccnn23)C1,1
CN1CC[C@]2(c3cccc(O)c3)Cc3nc4ccccc4cc3C[C@H]2C1,1
CC(C)[C@H]1C(=O)Nc2ccc(NC3CCCCCC3)cc2-c2nc3cc(C(=O)N4CCCN(C)CC4)ccc3n21,1
CNCCc1ccc(OC)c(Cc2cc(CCNC)cc(Cc3cc(CCNC)ccc3OC)c2OC)c1,1
CN(C)[C@@H]1CCN(c2cc(-c3ccccc3)nc3ccnn23)C1,1
CN1CC[C@]2(c3cccc(O)c3)Cc3nc4ccccc4cc3C[C@H]2C1,1
CC(C)[C@H]1C(=O)Nc2ccc(NC3CCCCCC3)cc2-c2nc3cc(C(=O)N4CCCN(C)CC4)ccc3n21,1
N#CC1(NC(=O)[C@@H]2CCCC[C@H]2C(=O)N2CCN(c3nc4c(s3)COCC4)CC2)CC1,0
O=C(N[C@H]1CC[C@H](CCN2CCC(c3coc4ccccc34)CC2)CC1)c1ccc(N2CCS(=O)(=O)CC2)cc1,0
COc1cc(/C=C/c2cc(/C=C/c3cc(CC=C(C)C)c(O)c(OC)c3)[nH]n2)cc(CC=C(C)C)c1O,0
NS(=O)(=O)c1ccc(NC(=O)Cc2ccccc2)c(Br)c1,0
CCN1CCN(c2ccc3c(Nc4cc(CCc5cc(OC)cc(OC)c5)[nH]n4)nc(C)nc3c2)CC1,0
CC[C@H](O[C@@H](Cc1ccccc1)C(=O)N1CCC(OCOC)CC1)C(=O)N[C@@H](CC1CCCCC1)[C@@H](O)[C@@H](O)CC(C)C,0
CCCc1c(OCCCOc2ccc(OCC(=O)O)cc2)ccc(C(C)=O)c1O,0
CCc1cc(-c2nc(-c3cc(C)c(OC[C@@H](O)CNC(=O)CO)c(CC)c3)no2)ccc1CN(C)CC,0
NCCc1c[nH]c2ccc(C(N)=O)cc12,0
CC(=O)N1CCC(c2ccc(NC(=O)c3ccc(C#N)o3)c(N3CCC(C)CC3)c2)CC1,0
O=C(NCC(O)c1ccccc1)c1ccc(N2CCC(C(=O)c3ccccc3C(F)(F)F)CC2)nn1,0
Cc1ccc(C(=O)O)c(N2C[C@H]3C[C@@H](c4ccccc4C(F)(F)F)C[C@H]3C2)n1,0
CO[C@H]1CC[C@H](CC(=O)N[C@H]2CC[C@H](CCN3CCN(c4nccc5c4CCO5)CC3)CC2)C1,0
O=C1C=C(NCCNc2c3c(nc4cc(Cl)ccc24)CCCC3)C(=O)c2ccccc21,0
O=C(Nc1ccc(S(=O)(=O)NC(CC#CCOc2ccccc2)C(=O)O)cc1)c1ccc(Br)cc1,0
Nc1ncc(-c2cnn(CCO)c2)c2scc(-c3ccc(NC(=O)Nc4cccc(F)c4)cc3)c12,0
OC(c1cccnc1)(c1cccnc1)C(c1ccccc1)N1CCCC1,0
Cc1c(C(=O)N(C)Cc2cc(C(F)(F)F)cc(C(F)(F)F)c2)c(-c2ccccc2)cc2nnnn12,0
CN(C)c1ccc(-c2nnc(Nc3ncc(C(=O)NO)cn3)s2)cc1,0
Cc1cc2cc(N/C(=N\C#N)N[C@H]3CCCCN(CC(=O)N4CCCC4Cc4ccccc4)C3=O)ccc2o1,0
CNC(=O)c1c(F)cccc1Nc1nc(Nc2cc3c(cc2OC)CCN3C(=O)CN(C)C)nc2[nH]ccc12,0
CCCN1CC[C@]2(C)c3cc(O)ccc3CC1[C@@H]2C,0
COC(=O)C1=C(C)NC(=O)N(C(=O)NCCCN2CCC(C(=O)OC)(c3ccccc3)CC2)C1c1ccc(C)cc1,0
CC(C)Cn1c(=O)n(C)c(=O)c2c(C(=O)N3CC[C@@H](O)C3)c(Cc3ccccc3C(F)(F)F)sc21,0
COc1cc(-c2cc(F)cc(F)c2)ccc1-c1nccc2cc(S(=O)(=O)Nc3ccnc(C)n3)ccc12,0
CCOC(=O)NC1N=C(c2ccc(Cl)cc2)c2ccccc2-n2c(C)nnc21,0
CCCCNC(=O)[C@H](C)C[C@H](O)[C@@H]1CSC/C=C/CSC[C@H](NC(=O)OC(C)(C)C)C(=O)N[C@@H](C)C(=O)N1,0
CN(CCOc1ccc(CC2SC(=O)NC2=O)cc1)c1ccccn1,0
CCCCCCCOC(=O)Cc1c(C)n(C(=O)c2ccc(Cl)cc2)c2ccc(OC)cc12,0
CCc1cccc(NC(=O)Nc2ccc(-c3coc4ncnc(N)c34)cc2)c1,0
COc1cc2ncnc(Nc3ccc(F)c(Cl)c3)c2cc1NC(=O)/C=C/CN1CCCCC1,0
Cc1nn2c(O)cc(N3CCOCC3)nc2c1Cc1cccc2ccccc12,0
CCCN1CCN(c2ccccc2OC)CC1,0
COc1ccc([C@]2(C34CC5CC(CC(C5)C3)C4)N=C(N)N(C)C2=O)cc1,0
COn1c(NCc2ccc(Cl)cc2)nc2c(c1=O)CN(C(=O)c1ccc(Cl)cc1)CC2.Cl,0
O=C(/C=C/c1ccc2c(c1)OCO2)NC1CCCCC1,0
CC(C)[C@@](C)(O)[C@@H]1CN(c2nc(-c3n[nH]c4ncccc34)c(F)cc2Cl)CCN1,0
COc1ccc2c3c1O[C@H]1[C@]4(OC)CC[C@@]5(C[C@@H]4CNC(=O)/C=C/c4ccccc4)[C@@H](C2)N(C)CC[C@]315,0
CCCc1nc(-c2cccnc2)cn2c(C(Cc3cccnc3)C(=O)NC(CC3CCCCC3)C(=O)C(F)(F)C(=O)NCCC(C)C)nnc12,0
Cc1c(C(=O)NCCc2ccc(Cl)cc2)nc(-c2ccc(Cl)cc2Cl)n1-c1ccc(Cl)cc1,0
COc1ccc(F)cc1-c1ccc([C@@H](C)NS(=O)(=O)c2c(C)noc2C)cc1,0
CC(C)N1C(=O)CC[C@H]1C(=O)NCc1cccc(Cl)c1Cl,0
COCC[C@H](NC1(C(=O)N[C@@H](Cc2ncc(-c3ccccc3)o2)C(=O)O)CCCC1)C(=O)O,0
CC1(C)OC(=O)C(Oc2cc(F)cc(F)c2)=C1c1ccc(S(C)(=O)=O)cc1,0
O=C(NCC1(N2CCCC2)CCCC1)N1CCC(c2nc(-c3ccc4ccccc4n3)no2)CC1,0
CNS(=O)(=O)Cc1ccc(N/N=C2\C(=O)Nc3ccc4ncsc4c32)cc1,0
O=C(O)[C@H]1CC[C@H](c2cc3cccnc3c(-c3cccc(F)c3)n2)CC1,0
COc1ccccc1N1CCN(CCCOc2ccc3c(c2)NC(=O)CC3)CC1.O=C(O)C(=O)O,0
O=C(NC(c1ccc(Cl)cc1)c1ccc(F)cn1)[C@@H]1CC[C@@H](N2CCOCC2)C[C@H]1c1ccc(Br)cc1,0
NC(=O)c1ccc2c3c1O[C@H]1[C@H](O)CC[C@@]4(O)[C@@H](C2)N(CC2CC2)CC[C@]314,0
Cn1nccc1-c1cc(OC(F)(F)F)ccc1Oc1ccc(S(=O)(=O)Nc2nccs2)cc1F,0
O=C1CCc2ccc(OCc3ccccc3)cc2N1,0
CCCn1c(-c2cccnc2)cc(C(=O)NCCCN2CCN(c3cccc(Cl)c3Cl)CC2)c1C,0
O=C(Nc1ccccc1)N[C@@H]1C(=O)N(CC23CC4CC(CC(C4)C2)C3)c2ccccc2N(c2ccccc2)C1=O,0
O=C1NC(=O)C(c2ccc(Oc3ccccc3)cc2)(N2CCCN(C(=O)c3cccs3)CC2)C(=O)N1,0
O=C(O)CC/C=C\CC[C@H]1[C@@H](OCc2ccc(-c3ccccc3)cc2)CC(=O)[C@@H]1N1CCOCC1,0
CO[C@H]1C[C@@H](O[C@H]2C[C@H]([C@H]3O[C@](C)(O)[C@H](C)C[C@@H]3C)O[C@H]2[C@]2(C)CC[C@H]([C@]3(C)CC[C@]4(C[C@H](O)[C@@H](C)[C@@H]([C@@H](C)[C@@H]5O[C@](O)(CC(=O)O)[C@@H](C)[C@H](OC)[C@H]5OC)O4)O3)O2)O[C@@H](C)[C@@H]1OC,0
CSC[C@H](NC(=O)[C@H](Cc1ccccc1)NC(=O)N1CCOCC1)C(=O)N[C@@H](CC1CCCCC1)[C@@H](O)C(=O)OC(C)C,0
O=C(N[C@@H](Cc1ccccc1)[C@H](O)C(=O)Nc1cccc(-c2nn[nH]n2)c1)c1cc(I)cc(C(=O)N2COC[C@@H]2c2ccccc2)n1,0
Cc1ccccc1-n1c(Cn2nc(-c3ccc(O)c(F)c3)c3c(N)ncnc32)nc2cccc(C)c2c1=O,0
CNCC(=O)N[C@@H](CC(C)C)c1cc(C(F)(F)F)ccc1N1CCN(C(=O)[C@@H]2CN(C(C)C)C[C@H]2c2ccc(Cl)cc2)CC1,0
Cc1cc(OC[C@H]2[C@@H](O)C[C@@H]3O[C@@H](c4nc(C(=O)O)cs4)CC[C@@H]32)ccc1Cl,0
CCOC(=O)CN(C(=O)c1ccccc1)c1ccc2c(c1)OC(C)(COc1ccc(C(=N)N)cc1)CN2C,0
CC(/C=C/C(=O)NO)=C\[C@@H](C)C(=O)c1ccc(N(C)C)cc1,0
C=C[C@@]1(C)CC(=O)[C@@]2(O)[C@](C)(O1)[C@@H](OC(=O)NCCc1ccc(O)cc1)[C@@H](O)[C@H]1C(C)(C)CC[C@H](O)[C@@]12C,0
Cc1ncnc(-c2ccc(S(C)(=O)=O)cc2)c1C#Cc1ccc(N)nc1,0
Cc1cccc(-c2nc(C3CN(Cc4ccc(-c5nc6nc(C7CC7)nn6cc5-c5ccc(F)cc5)cc4)C3)n[nH]2)n1,0
CCN(CCCCCC(=O)N(C)CCCCCCCCN(C)C(=O)CCCCCN(CC)Cc1ccccc1OC)Cc1ccccc1OC,0
CC(C)(C)OC(=O)NCCCC[C@H](NC(=O)c1[nH]cnc1C(=O)Nc1ccc(CNC(=O)OC(C)(C)C)cc1)C(=O)OC(C)(C)C,0
O=C(/C=C/c1ccc(OC[C@H](Cc2c[nH]c3ccccc23)NC(=O)c2ccc(Cl)cc2)cc1)NO,0
Cc1cccc(C(C(=O)O)N2CCC(CCN3[C@H]4CC[C@@H]3C[C@H](n3c(C)nc5ccccc53)C4)(c3ccccc3)CC2)c1C,0
Cn1cc(NC(=O)c2ccc3cnc(N[C@@H]4CCCCNC4)nn23)c(C(F)F)n1,0
CC(=O)N[C@@H](C)c1ccc(O[C@@H]2CCN(c3nc(N4CCOCC4C)ncc3Cl)C2)cc1,0
CC(=N)N1CCC(Oc2ccc(NC/C(C)=C/c3cccc(C(=N)N)c3)cc2[N+](=O)[O-])CC1,0
CCOC(=O)/C(=N/Nc1cccc(-n2nc(C(=O)Nc3nnc(S(N)(=O)=O)s3)c(C(=O)OCC)c2-c2ccccc2)c1)C(C)=O,0
CNC(=O)c1ccc(Cc2c(C)nn(-c3ccc(C#N)c(Cl)c3)c2C)cc1,0
COCC1CCN(c2nccnc2Oc2ccc(Nc3nc4ccccc4s3)cc2)CC1,0
O=C(O)c1ccc2oc(Cn3ccnc3)c(Cl)c2c1,0
O=C(NCC1(N2CCOCC2)CCCC1)N1CCC(c2nc(-c3ccc4ccccc4n3)no2)CC1,0
Nc1ncnc2n[nH]c(Nc3ccc(F)cc3)c12,0
CCC(CC)n1ncc2c(=O)[nH]c(CC3CCCCC3)nc21,0
CCC(C(=O)N[C@H]1C2CC3CC1C[C@](C(=O)O)(C3)C2)N1CCCC(F)(F)C1,0
CN(C)CCCN1c2ccccc2Sc2ccc(Cl)cc21,0
C1=Nc2cccc(N3CCN([C@H]4CC[C@H](c5c[nH]c6ncccc65)CC4)CC3)c2C1,0
COc1ccc2c(c1)c(NC1CCN(Cc3ccc4c(c3)OCO4)CC1)cc(=O)n2C,0
O=C(Nc1ccc(F)cc1F)c1cccnc1Nc1ccc(Oc2ccnc3[nH]ccc23)c(F)c1,0
N=C(N)NCCC[C@H](NC(=O)Cn1c(Cc2ccccc2)c(Cl)nc(NCCc2ccccc2)c1=O)C(=O)c1nccs1,0
CNC(=O)[C@@H](NC(=O)[C@H](CCCOCc1ccccc1)[C@H](OCc1ccc2nc(C)nc(O)c2c1)C(=O)NO)C(C)(C)C,0
Cc1nn(Cc2ccc(NC(=O)c3oc4ccc(F)cc4c3C)cc2F)c(C)c1CC(=O)O,0
CCCOc1ccc(C#Cc2ccc(C(C)(C)CNC(C)=O)cc2)cc1,0
CCCC(=O)Nc1cc(-c2ccc(F)cc2)nc(-c2ccc(F)cc2)n1,0
CC(=O)N(CCCC[C@H](NC(=O)N[C@@H](CCC(=O)O)C(=O)O)C(=O)O)C(=O)CCOCCOCCOCCOCCOCCOCCOCCOCCOCCOCCOCCOCCNC(=O)CCCC[C@@H]1SC[C@@H]2NC(=O)N[C@H]12,0
COc1cccc2c1N=C(NCC(F)F)NC2C,0
CC(=O)Nc1ccc2[nH]cc(-c3cc(NC4CC4)n4ncc(C#N)c4n3)c2c1,0
C[C@@H]([C@@H](O)c1ccc(O)cc1)N1CCC(O)(c2ccccc2)CC1,0
CS(=O)(=O)C1CCN(c2cccc3c2ccn3-c2ccnc(N[C@H]3CC[C@H](C(=O)N4CCn5c(nnc5C(F)(F)F)C4)CC3)n2)CC1,0
COc1ccc(C2=NN(Cc3ccc(CN4CCN(C)CC4)cc3)C(=O)[C@@H]3CC=CC[C@H]23)cc1OC,0
Cc1cc(Nc2nc(CC3(C(=O)NC4CC4)CCN(C(=O)c4cccc(Cl)c4F)CC3)ccc2F)n[nH]1,0
Cc1ccc(NC(=S)Nc2ccc3c(c2)C(=O)OC3)cc1Cl,0
CCOc1ccc2nc(S(N)(=O)=O)sc2c1,0
O=C1Nc2cc(Nc3cccc(NC(=O)c4cc(N5CCC(O)CC5)cc(C(F)(F)F)c4)c3)ccc2/C1=C/c1ccc[nH]1,0
C[C@]1(c2cc(NC(=O)c3ncc(Cl)cn3)ccc2F)N=C(N)OCC1(F)F,0
CC(Cc1ccc2c(c1)OCO2)CN1CC2CCCCC2C(C(=O)N2CCN(c3cccc4nonc34)CC2)C1,0
CC(C)N1C(=O)[C@H](NC(=O)[C@@H](Cc2c(F)cccc2F)NC(=O)OC(C)(C)C)CN(CC2CC2)c2ccccc21,0
COC(=O)[C@@H](NC(C)=O)[C@@H](C)O[C@H]1O[C@H](CO)[C@H](O)[C@H](O[C@@H]2O[C@H](CO)[C@H](O)[C@H](O[C@]3(C(=O)[O-])C[C@H](O)[C@@H](NC(C)=O)[C@H]([C@H](O)[C@H](O)CNC(=O)c4ccccc4)O3)[C@H]2O)[C@H]1NC(C)=O.[Na+],0
C[C@@H]1CCCN1CCc1ccc2nc(-c3cncnc3)ccc2c1,0
N=C(N)NCCC[C@@H](NC(=O)c1cccc2c3c([nH]c12)[C@@H]1Oc2c(O)ccc4c2C12CCN(CC1CC1)C(C4)[C@]2(O)C3)C(=O)O,0
Nc1nc(OCCc2ccccc2)nc2c1ncn2[C@@H]1O[C@H](CO)[C@@H](O)[C@H]1O,0
O=C(O)CCc1c(/C=C2\C(=O)Nc3ccc(C(=O)O)cc32)[nH]c2c1CCCC2,0
Cc1cccc(C(c2ccncc2)c2cc3c4c(c2)CCN4C(=O)CC3)c1,0
Cc1ccc(C(=O)Nc2cccc(C(F)(F)F)c2)cc1C#Cc1cnc2ccccc2n1,0
O=C(c1ccc(C(=O)N2CCC(N3CCCC3)CC2)cc1)N1CCCC(N2CCCC2)CC1,0
Nc1ncc(-c2cc(N3C[C@@H]4C[C@H]3CS4)nc(C3CC3)n2)cc1OC(F)F,0
CCOc1ccccc1-c1cc(Cl)cc2c1N1CCNCCC1C2,0
C[C@H]1CN(C2(C)CCN(C(=O)c3c(Cl)cncc3Cl)CC2)CCN1[C@@H](C)c1ccc(C(F)(F)F)cc1,0
CCN(C(=O)c1cccc(Cl)c1Cl)[C@H]1CCNC1,0
O=C(N[C@@H]1CC[C@@]2(O)[C@H]3Cc4ccc(O)c5c4[C@@]2(CCN3CC2CC2)[C@H]1O5)c1ccccc1,0
CC(C)c1ccccc1OCCN1CCC(NS(=O)(=O)c2cccc(Cl)c2)C1,0
CC[C@@H]1C[C@H](N(Cc2cc(C(F)(F)F)cc(C(F)(F)F)c2)c2ncc(-c3cnn(C)c3)cn2)CN1C(=O)N(C)C,0
COc1ccc([C@]2(C34CC5CC(CC(C5)C3)C4)N=C(N)N(C)C2=O)cc1,0
CC(C)(CC(=O)NC1C2CC3CC(C2)CC1C3)Cc1nc(-c2ccc(Cl)cc2)no1,0
CC(C)(C)c1ccc(S(=O)(=O)N2C[C@@H]3C[C@H]2CN3C2CC3CCC2C3)cc1,0
CC#CCOc1ccc(S(=O)(=O)CC2(C(=O)NO)CCN(C(=O)c3c(Cl)cncc3Cl)CC2)cc1,0
CNC(=O)[C@H]1O[C@@H](n2cnc3c(NCc4cccc(I)c4)nc(Cl)nc32)[C@H](O)[C@@H]1O,0
CN1CCN(c2nccc3cc4c(cc23)N(C(=O)c2ccccc2Cl)CC4)CC1,0
C[C@]12CC[C@H]3[C@@H](CCC4=C(Sc5ccccc5)C(=O)CC[C@@]43C)[C@@H]1CCC2=O,0
CCn1ccc(Nc2ncc3c(n2)-c2c(nn(C)c2-c2cccc(C)c2)CC3)n1,0
CC1(C)[C@H]2CC[C@]1(C)CN(CCN1CCN(c3cccc(Cl)c3)C1=O)C2,0
COc1ccc(-c2cc(C(=O)O)ncn2)cc1Cl,0
Cn1cc(-c2cn(-c3ccnc4c3c(C(F)(F)F)nn4-c3ccc(C(N)=O)cc3C#N)cn2)cn1,0
CN/C(=N\S(=O)(=O)N1CCC(F)(F)CC1)N1C[C@H](c2ccccc2)C(c2ccc(Cl)cc2)=N1,0
Cc1ccc(-c2cnc3nc(N4CCC(N5CCCCC5)CC4)sc3c2)cn1,0
COc1ccc2ncc(F)c(CC(NS(C)(=O)=O)C34CCC(NCc5ccc6c(n5)NC(=O)CO6)(CC3)CO4)c2n1,0
CC(=O)/N=c1/sc(S(N)(=O)=O)nn1C,0
Cc1cccc(C(=O)Nc2cnc3ccccc3c2)c1O,0
COc1ccccc1-n1c(-c2cc(O)ccc2C)cn2c3c(=O)[nH]c(=O)n(C)c3nc12,0
COc1ccc(Nc2cc(S(=O)(=O)O)c(N)c3c2C(=O)c2ccccc2C3=O)cc1,0
CCNc1nc2cc3c(cc2s1)C[C@@H]1[C@@H]2CCCC[C@]32CCN1CC1CC1,0
CC(C)C[C@H]1C(=O)N2CCC[C@H]2[C@]2(O)O[C@](NC(=O)[C@@H]3C=C4c5cccc6[nH]c(Br)c(c56)C[C@H]4N(C)C3)(C(C)C)C(=O)N12,0
O=C(O)Cc1csc(NC(=O)[C@H](Cc2ccc(-c3ccccc3)cc2)C[C@H](COc2ccccc2)C(=O)O)n1,0
Cn1cc(C(C(=O)NS(=O)(=O)c2ccccc2)c2ccc3c(c2)OCO3)c2ccc(C(N)=O)cc21,0
COc1ccc(-c2cnc(C(=O)N3CCN(c4cc(C(=O)O)c5ccccc5c4)CC3)nc2-c2ccc(C)cc2)cc1,0
O=S(=O)(Nc1nncs1)c1cc(F)c(Oc2ccc(C(F)(F)F)cc2-c2ccnnc2)cc1F,0
Cc1cc(Nc2nc(Sc3ccc(NC(=O)CN4CCC[C@H]4CO)cc3)nn3cccc23)n[nH]1,0
CC#CCOc1ccc(S(=O)(=O)CC2(C(=O)NO)CCN(S(=O)(=O)C(C)C)CC2)cc1,0
Cc1ccccc1-c1cccc2c1N1CCNCCC1C2,0
O=c1cc(COc2ccccc2)occ1O,0
CC(C)(CN1C(=O)c2cccc3cccc(c23)C1=O)C[N+](C)(C)CCCCCC[N+]1(C)[C@H]2C[C@@H](OC(=O)[C@H](CO)c3ccccc3)C[C@@H]1[C@H]1O[C@@H]21.[Br-].[Br-],0
O=C(O)[C@@H]1CCCC[C@@H]1c1nc2cc(OCc3ccc4cc(F)ccc4n3)ccc2n1Cc1ccc(N2CCC(C(F)(F)F)CC2)cc1,0
CC(C)(C)c1ccc(NC(=O)N2Cc3ccc(S(=O)(=O)Nc4ccc(F)cc4)cc3C2)cc1,0
Cc1cc(-c2n[nH]c3cc(NC(=O)N[C@@H]4[C@H](C)N(C)C[C@H]4c4ccccc4C)ncc23)ccn1,0
CCCN(C)[C@@H]1C[C@@H](c2ccc(Cl)c(Cl)c2)c2ccccc21,0
O=C(c1cccnc1)N1CCN(c2cnc3ccn(S(=O)(=O)c4cccc5nonc45)c3c2)CC1,0
COC(=O)c1ccc(-c2cccc([C@@H]3C[C@](C)(c4ccccc4)c4cc(C(=N)N)ccc4N3)c2)c(C(=O)O)c1,0
Cc1cc(COc2ccc(-c3ccc(S(=O)(=O)N[C@@H](C(=O)O)C(C)C)cc3)cc2)c2ccccc2n1,0
COc1ccc(S(=O)(=O)N[C@H]2CCCCN(CC(=O)CC3CCN(C(=N)N)CC3)C2=O)cc1OC,0
CCOc1ccccc1-c1ccc(-c2nc3ccc(F)cc3c(N(C)C(C)C(=O)O)c2C#N)cc1,0
Cn1ncc(NC(=O)c2nc(C3CC3)cnc2Nc2cncnc2)c1C(=O)NC1CCN(C(=O)OC(C)(C)C)C1,0
N#Cc1cc(Nc2nc(NC3CC3)c3ncc(C#N)n3n2)c(Cl)c(N2CCN(C3CCOC3)CC2)c1,0
NC(=O)c1cccc2[nH]c(C3CCN(C4CCCC4)C3)nc12,0
COc1cc(C(=O)NC[C@@H](O)CN2CCC(Oc3ccc(Cl)c(Cl)c3)CC2)ccc1N,0
COC1(COc2cccc3ccc(-c4nnc5ccccn45)nc23)CCCNCC1,0
COc1cnc(-c2ccc(C(F)(F)F)cc2O)c2ccc(S(=O)(=O)Nc3nccs3)cc12,0
O=C1N[C@@H]2CCCCCSSCCCCC[C@@H]1NC(=O)[C@H]1CCCN1C(=O)[C@H](Cc1ccccc1)NC2=O,0
Cc1ccc(S(N)(=O)=O)cc1,0
COc1ccc(NC(=O)CC2(CC(=O)NC3C4CC5CC(C4)CC3C5)CCCC2)cc1,0
CC(C)(O)CNc1ncc(C(=O)N[C@H]2C3CC4CC2C[C@](O)(C4)C3)c(C2CCC2)n1,0
COc1cc(CN2CCN(c3ccccc3OC)CC2)ccc1OCc1cn(CCOCCOCCn2cc(COc3ccc(CN4CCN(c5ccccc5OC)CC4)cc3OC)nn2)nn1,0
Cc1ccc(-c2[nH]c3cc(C#N)c(C#N)cc3c2Cl)cc1,0
COc1cc2c(cc1C(F)(F)F)N(C(=O)Nc1cc(F)cc(-c3cccnc3)c1)CC2,0
CCC(O)(CC)c1ccc2cc(-c3n[nH]c4cc(C(F)F)sc34)[nH]c2c1,0
Cc1cc(=O)c(Oc2ccccc2C)c(-c2ccc(S(C)(=O)=O)cc2)o1,0
Cl.N#C[C@@H]1CCCN1C(=O)[C@@H](N)Cc1ccc(-c2cn(Cc3ccc(Cl)cc3)nn2)cc1,0
CN1CCN(c2ccc3[nH]c(-c4n[nH]c5ncc(-c6cncc7ccccc67)cc45)nc3c2)CC1,0
CCCn1c(=O)c2[nH]c(-c3cnn(-c4ccccn4)c3)nc2n(CC)c1=O,0
C[C@@H](NC(=O)[C@@H]1CCCO1)C(=O)N1CCN(CCCOc2ccc(-c3noc(-c4ccccc4)n3)c(F)c2)CC1,0
CCC[C@@H]1Cc2cc(C)n(CC(=O)NCc3ccc(N)nc3C)c(=O)c2NC1=O,0
CC(C)(C)CN(C(=O)CCC(=O)N1CCCC(C(=O)O)C1)c1ccc(Cl)cc1C(O)c1cccc(F)c1Cl,0
O=C1CN(S(=O)(=O)c2ccc(Cl)cc2)C(=O)C(Cc2ccccc2)CN1,0
Cc1cccnc1-c1cc(N2CCC(C(=O)N(C)[C@@H]3CS(=O)(=O)C[C@H]3O)CC2)ncc1Cl,0
CNCCCC1(C)Cc2cc(Cl)ccc2N(c2ccc(C)cc2)C1=O,0
CC[C@@H](C)[C@H](C(=O)O)N1C[C@H](CN2CCC(c3cc(Cc4cccc5ccccc45)nn3CC)CC2)[C@@H](c2cccc(F)c2)C1,0
CCOc1cc(CN2CCOCC2)cc2[nH]c(=O)c3c(c12)NCCC3,0
CC(C)(C(N)=O)N1CCN(Cc2cc3nc(-c4c(F)ccc5[nH]ccc45)nc(N4CCOCC4)c3s2)CC1,0
N#Cc1ccccc1NC(=O)Nc1ccc(OS(N)(=O)=O)cc1,0
O=C1Cc2ccccc2N1C1CCN(C2CCC3CCCc4cccc2c43)CC1,0
O=C1C(Nc2ccccc2)=C(c2ccccc2)C(=O)N1Cc1ccccc1,0
CC(C)[C@H](NC(=O)[C@@H](N)CNC(=O)c1[nH]c(=O)[nH]c(=O)c1F)C(=O)N[C@@H](CC1CCCCC1)C(=O)N[C@@H](Cc1ccccc1)[C@@H](O)C(=O)NC(C)(C)c1ccccc1,0
COc1cc(-c2ccc3ncc(C(=O)C4CC4)c(N[C@H]4CC[C@H](CN5CCC(OC)C5)CC4)c3c2)cc(Cl)c1O,0
COc1cccc(-c2cccc(S(=O)(=O)c3cc(C(=N)N)sc3SC)c2)c1,0
CC(C)[C@H](CO)NCc1nc(C#Cc2ccccc2)ccc1F,0
O=C(NS(=O)(=O)c1ccccc1)N1CCC(N2CCC(Oc3ccc(Cl)c(Cl)c3)CC2)CC1,0
COc1ccc2c(c1F)C(=O)N(C[C@@]1(C#Cc3cncc(F)c3)NC(=O)NC1=O)C2,0
Cc1onc(-c2ccccc2)c1-c1ccc(S(N)(=O)=O)cc1,0
COc1cccc(-c2cn(Cc3c(F)cccc3S(=O)(=O)C(C)C)c(=O)n(C[C@H](N)c3ccccc3)c2=O)c1F,0
CC(C)C[C@@H](C(=O)N1CCCCC1)[C@H](CN(C)S(=O)(=O)c1cccc2c(N(C)C)cccc12)C(=O)NO,0
CC(C)[C@H]1NC(=O)[C@@H](Cc2cccc(Cl)c2)NCCOc2ccccc2CCCNC(=O)[C@H](Cn2ccnc2)NC1=O,0
CC(C)C(=O)Nc1nc(CCc2ccc(NC(=N)N)cc2)cs1,0
COc1cccc(CC(NC(=O)CCCC[C@]23CCC(C)(C)C[C@H]2C2=CC[C@@H]4[C@@]5(C)CC[C@H](O)C(C)(C)[C@@H]5CC[C@@]4(C)[C@]2(C)CC3)C(=O)O)c1OC,0
CN(C)C1CCN(C(=O)c2ccc(NC(=O)Nc3ccc(-c4nc(N5CCOCC5)nc(N5CCOCC5)n4)cc3)cc2)CC1,0
CCN[C@H]1CN(CCCOC)S(=O)(=O)c2sc(S(N)(=O)=O)cc21,0
Cc1ccoc1C(=O)Nc1ccc(N2C(=O)c3cccc(C)c3C2=O)cc1,0
CO[C@H]1/C=C\C=C(/C)C(=O)NC2=CC(=O)C(NCCN(C)C)=C(C[C@@H](C)C[C@H](OC)[C@H](O)[C@@H](C)/C=C(\C)[C@@H]1OC(N)=O)C2=O,0
COc1ccccc1N1CCN(CCCCNC(=O)c2ccc(-n3ccnc3)cc2)CC1,0
Cc1cc(CC(NS(=O)(=O)c2cccc(F)c2)c2ncc(CCCOc3cccc(O)c3C(=O)O)[nH]2)ccc1C1CC(=O)NS1(=O)=O,0
Cc1ccc(-c2c[nH]c(C3(NCc4c[nH]c5ccccc45)CCCCC3)n2)cc1,0
C[C@H](NC(=O)[C@H](Cc1ccccc1)NC(=O)c1ccc(Br)cc1)C(=O)N[C@H](C(=O)N[C@@H](CCCC[N+](C)(C)C)C(=O)NCCN)C1CCCC1,0
CCCC[C@]1(CC)CS(=O)(=O)c2ccc(NO)cc2[C@@H](c2ccccc2)[C@H]1O,0
Cc1cc(C(=O)Nc2ccc(-n3ccnc3CN(C)C)cc2)n(-c2ccc3cc(Cl)ccc3c2)n1,0
CN1C(=O)CC[C@]2(C)c3ccc(/C=C/c4ccccc4)cc3CC[C@@H]12,0
CCCn1cnc(C[C@H](CCCN)C(=O)O)c1,0
Cc1ncccc1Oc1ccc(NC(=O)N2CCc3c2cc(C(F)(F)F)c2c3CCO2)cn1,0
COc1cc(NC(=O)c2ccccc2-c2ccc(C(F)(F)F)cc2)ccc1C(=O)N[C@H](C(=O)NCC1CC1)c1ccccc1,0
Cc1ncc(OC[C@@]2(c3cccc(F)c3)C[C@H]2C(=O)Nc2cc(C)c(F)cn2)c(C)n1,0
COc1ccc([C@H]2C[C@H]3CC[C@H]([C@H]2C(=O)OCCc2cc(Br)c(N)c(Br)c2)N3C)cc1.Cl,0
CC(C)n1nc(-c2ccccn2)cc1NC(=O)c1nc(C2CC2)ccc1Nc1cncnc1,0
O=C(O[C@H]1CN2CCC1CC2)C1c2ccccc2CCc2ccccc21,0
CCCCCCCC/C=C\CCCCCCCC(=O)C(F)(F)F,0
NS(=O)(=O)c1ccc(Nc2ccnc(NS(=O)(=O)C(F)(F)F)n2)cc1,0
Cn1cc(-c2ccc3c(c2)CC/C3=N\O)c(-c2ccnc(O)c2)n1,0
Cc1ccc2cc(Cn3ccnc3)n(-c3ccc(C#N)cc3)c2c1,0
COc1cc2c(NC3CCN(CC4CCCCC4)CC3)nc(N3CCCN(C(C)C)CC3)nc2cc1OCCCN1CCCCC1,0
CN(C)[C@@H]1Cc2ccccc2[C@@H](c2ccccc2)C1,0
Cc1cc(-c2n[nH]c3cc(NC(=O)NC[C@@H]4COCCO4)ncc23)ccn1,0
Nc1c2c(nc3ccccc13)CCCC2,0
CN(C)CC(O)Cn1ncc2cc(-n3ccc(OCc4ccccc4)cc3=O)ccc21,0
NCC1CC1c1c[nH]cn1,0
COc1ccc(C(=O)N[C@H](COc2ccc(/C=C/C(=O)NO)cc2)Cc2c[nH]c3ccccc23)cc1,0
CN(C(=O)CCN1CCC(OC(=O)Nc2ccccc2-c2ccccc2)CC1)c1ccc(CNC(=O)Cc2cccc(CCNC[C@H](O)c3ccc(O)c4[nH]c(=O)ccc34)c2)cc1,0
COc1ccc(Cl)cc1S(=O)(=O)N1CCCc2ccc(Oc3ccc(CC(=O)O)cc3)cc21,0
N#Cc1cccc(C(SCCN)(c2ccccc2)c2ccccc2)c1,0
Cc1nc(N2CCN(C(=O)[C@@H]3CCCC[C@H]3C(=O)NC3(C#N)CC3)CC2)sc1C,0
CC(C)(C)c1cc(C(=O)/C=C/CC2CC2)cc2c1OCC2(C)C,0
O=C(OCCF)C1C2CCC(CC1c1ccc(/C=C\I)cc1)N2,0
CC[C@@H](Nc1c(Nc2cccc(C(=O)N3CC(O)C3)c2O)c(=O)c1=O)c1ccccc1,0
CCOC(=O)N1[C@H]2CC[C@@H]1C[C@@H](CN1CC[C@@H](N3Cc4ccccc4NC3=O)C1)C2,0
Cc1ccccc1-c1nc2ccc(-c3ccc(Cl)cc3)cc2c(=O)n1C[C@H]1CCCN(C(C)C)C1,0
O=C1Nc2ncccc2C2(CCN(C(=O)N[C@@H]3CC[C@@H](c4cccc(F)c4F)Cn4c(CC(F)(F)F)nnc43)CC2)O1,0
CC1=C(CCN2CCOCC2)c2ccccc2/C1=C/c1cccc2ccccc12,0
COc1ccc(Cl)cc1CNC(=O)N[C@@H](Cc1ccccc1)c1nc(-c2ccc3c(N)n[nH]c3c2)c(Cl)[nH]1,0
COc1cc2ncnc(Nc3cccc(Br)c3)c2cc1OCCCn1c([N+](=O)[O-])cnc1C,0
COc1cccc2sc([C@H]3C[C@@H]4CC[C@H](C3)N4C[C@H](O)COc3cccc4[nH]c(C)cc34)cc12,0
NS(=O)(=O)c1ccc(-c2ccc(-c3ccc(Br)cc3)cc2)cc1,0
COc1cccc2nc(-c3cccs3)nc(NN3C(=O)C=C(C)C3=O)c12,0
C[C@]12CCC3C(CNC4=CC(=O)CC[C@@]43C)C1CC[C@@H]2C(=O)Nc1ccccc1,0
O=C(NC1CCOCC1)c1ccc(OCc2conc2-c2ccccn2)nc1,0
COc1ccc(C(=O)CCCN2CCc3ccccc3C2)cc1,0
COC(=O)[C@@H]1C[C@@H](OS(N)(=O)=O)CN1S(=O)(=O)[C@@H]1O[C@H](COC(C)=O)[C@@H](OC(C)=O)[C@H](OC(C)=O)[C@H]1OC(C)=O,0
CCOP(=O)(O)N[C@H](C(=O)NC(Cc1c[nH]c2ccccc12)C(=O)NC)[C@@H](C)CC,0
NCCCC[C@H](NC(=O)[C@@H](N)CCC/N=C(\N)N[N+](=O)[O-])C(N)=O.O=C(O)C(F)(F)F,0
COc1cc(NC(=O)NCc2ccc(C(F)(F)F)nc2N2CCC(C)CC2)ccc1CNS(C)(=O)=O,0
O=C(c1ccc(N2CCN(C(=O)c3cccc(Cl)c3)CC2)cc1)c1c(-c2ccc(O)cc2)sc2cc(O)ccc12,0
O=C(Nc1ccc(OC(F)(F)F)cc1)c1sccc1NCc1ccnc2ccccc12,0
COc1ccc(S(=O)(=O)N(CC(C)C)[C@H](CCSCc2ccccc2)C(=O)NO)cc1,0
CN(C)Cc1ccccc1Oc1cccc(Cl)c1,0
Cc1cccc(NC(=O)NC2N=C(c3ccccc3)c3ccccc3N(CC(=O)NCCC(=O)NCCSCc3csc(N=C(N)N)n3)C2=O)c1,0
COc1ccccc1-c1ccc2cnc(Nc3ccc(N4CCN(C)CC4)cc3)nn12,0
CC(C)C[C@H](NC(=O)c1cccc2ccccc12)C(=O)N[C@H]1CCCN(S(=O)(=O)c2ccccn2)CC1=O,0
CCN(CC)CCOc1ccc(C(=C(Cl)c2ccccc2)c2ccccc2)cc1,0
C=CC[N+](C)(C)c1ccc(CCC(=O)CCc2ccc([N+](C)(C)CC=C)cc2)cc1.[Br-].[Br-],0
CO[C@H]1CC[C@]2(CC1)Cc1ccc(Oc3cccc(Cl)c3)cc1C21N=C(N)N(C)O1,0
CCCn1c(=O)c2nc(C3CCCC3)[nH]c2n(CCCCC(=O)c2ccc(S(=O)(=O)F)cc2)c1=O,0
CCC#CC[C@H](C)[C@H](O)C#C[C@@H]1[C@H]2C/C(=C/COCC(=O)O)C[C@H]2C[C@H]1O,0
CN1Cc2ccccc2C(c2cccc3ccoc23)C1,0
NC1=N[C@]2(CO1)c1cc(C3=CCOCC3)ccc1Oc1ccc(-c3cccnc3F)cc12,0
NS(=O)(=O)Oc1ccc(C(=O)OC2CCCCCC2)cc1,0
CC(=O)N1C[C@H]2N[C@H](CC(c3ccc(CCCOc4ccc(Cl)cc4)cc3)=C2C(=O)N(Cc2cccc(Cl)c2Cl)C2CC2)C1,0
Cn1c(SCCCN2CC3CCN(c4ccc(F)cc4)C3C2)nnc1-c1ccn(C)c(=O)c1,0
CCCCC(=O)NC1(C(=O)N[C@H](Cc2ccccc2)C(=O)N[C@@H](CCCN=C(N)N)C(=O)N[C@@H](Cc2c[nH]c3ccccc23)C(=O)NCC(N)=O)CCc2c(cccc2N(C)C)C1,0
Nc1nc(NCC2CCC(CNS(=O)(=O)c3cccc4ccccc34)CC2)nc2ccccc12,0
CNCc1cc(C(=O)N2CCCN(C3CC3)CC2)ccc1Oc1cccc(F)c1,0
N=C(N)NCCC[C@@H](NC(=O)[C@@H](CCCNC(=N)N)NC(=O)[C@@H](CCCNC(=N)N)NC(=O)[C@@H](CCCNC(=N)N)NC(=O)[C@@H](CCCNC(=N)N)NC(=O)[C@@H](CCCNC(=N)N)NC(=O)CCCCCNC(=O)[C@@H](CCCCN)NC(=O)CNCC(=O)NCCNS(=O)(=O)c1cccc2cnccc12)C(N)=O,0
N#CC1(c2ccccc2)CC2CCC(C1)N2C(c1ccccc1Cl)c1ccccc1Cl,0
C=Cc1ccc(-c2c(C)c3c(n2-c2ccc(Cl)cc2Cl)CCN(C2CCCCC2)C3=O)cc1,0
CN1Cc2ccc(NC(=O)N[C@@H]3CC(C)(C)Oc4cc(C(F)(F)F)ccc43)cc2NC1=O,0
Clc1ccc(Oc2ncccc2C2CCNCC2)c(Cl)c1,0
CCOc1ccc(S(=O)(=O)C(C)(Cc2ccc(OCCN(CC)CC)cc2)C(=O)NO)cc1,0
CCC(C(=O)N[C@@H](CC(=O)O)C(=O)CN(C)Cc1ccccc1)n1cccc(NC(=O)c2ccc3ccccc3c2)c1=O,0
CC(=O)c1cc2cc(Cl)cc(Br)c2oc1=O,0
CCn1c2ccccc2c2c3c(c4c(c21)CCc1nn(C)cc1-4)C(=O)NC3,0
COc1ccc(CNC(=O)c2ccc(OC(F)F)c(OCC3CC3)c2)cc1,0
CC(C)(C)c1ccc2c(c1)CC[C@H]2NC(=S)Nc1cccc2[nH]ncc12,0
COc1nc(C(=O)c2cccs2)c2sccc2n1,0
O=C(O)c1ccc(N2C(=O)c3ccccc3C2=O)cc1,0
CCOc1ccc(-n2c(C)c3c(C)nnc(NCC4CCCO4)c3c2C)cc1,0
O=P(O)(O)C(F)(F)c1ccc(CC(Cc2ccc(C(F)(F)P(=O)(O)O)cc2)(OCc2ccccc2)OCc2ccccc2)cc1,0
CCCCn1cnc(CN2CCN(c3cccc4[nH]c(-c5ccc(C(C)(C)C)cc5)nc34)CC2)c1C,0
C[C@@H]1CN(CCCN(c2ccc(F)cc2)c2ccc(F)cc2)C[C@@H](C)N1CCc1ccc(Cl)c(Cl)c1,0
CCS(=O)(=O)c1ccc(-c2cc(-c3cnnc4c3ncn4C(C)C)ccc2F)c(Cl)c1,0
COc1ccc2c(c1)C(=O)N(C[C@@]1(C#Cc3ccc(C4(CN5Cc6cc(O)ccc6C5=O)NC(=O)NC4=O)cc3)NC(=O)NC1=O)C2,0
OC[C@H](N[C@H]1C[C@](O)(CO)[C@@H](O)[C@H](O)[C@H]1O)c1ccccc1,0
COc1cc(C)c(S(=O)(=O)N(C)CCOCC(=O)N2CCC(N3CCN(C(C)C)CC3)CC2)c(C)c1,0
COc1ccc(NC(=O)Nc2ccc(F)cc2)cc1-c1c(Br)cnn1C(C)C,0
CC(C)C[C@H](NC(=O)C[C@H](O)[C@H](CC(C)C)NC(=O)[C@H](Cc1c[nH]cn1)NC(=O)[C@H](Cc1ccccc1)NC(=O)OC(C)(C)C)C(=O)NCc1ccccc1,0
CC(Nc1nc2cc(-c3noc(=O)[nH]3)nc(-c3cncc(Cl)c3)c2n1C[C@H]1CC[C@H](C)CC1)c1ccccn1,0
N#Cc1ccc(C2CCCc3cncn32)cc1,0
COc1ccc(C(=O)N[C@@H](CC(=O)O)c2ccc(C)cc2)nc1-c1cccc(Cl)c1C,0
Cc1nc([C@](C)(O)C#Cc2cc3c(cc2F)OCCn2c-3nc(C(N)=O)c2C2CC2)no1,0
C[C@@H](NC(=O)c1ccc(Oc2ccc(C#C[C@]3(O)CN4CCC3CC4)cc2)cc1)c1ccncc1,0
C[C@]1(CS(=O)(=O)N2CCC(Oc3ccc(OCc4cccc(F)c4)cc3)CC2)NC(=O)NC1=O,0
Fc1ccc(-c2ncoc2-c2ccc3nnc(C4CCC4)n3c2)c(F)c1,0
O=C(NO)c1ccc2c(c1)CC(NS(=O)(=O)c1cccnc1)CC2,0
CC(=O)[C@@H]1CSSC[C@@H](C(=O)N2CCC[C@H]2C(=O)CN2CCC[C@H]2C(=O)CN[C@@H](CCCCN)C(=O)CN[C@@H](CC(=O)O)C(N)=O)NC(=O)CNC(=O)[C@@H](Cc2c[nH]c3ccccc23)NC(=O)[C@H](CCCN=C(N)N)NC(=O)[C@H](Cc2ccc3ccccc3c2)NC(=O)[C@H](Cc2c[nH]cn2)NC(=O)[C@@H](CCC(=O)O)NC1=O,0
CCOC(=O)CCCCCCCCCCCOC(=O)CCCNC(=O)NC12CC3CC(CC(C3)C1)C2,0
Clc1ccc(-c2nn(-c3ccccc3)cc2-c2nc3ccccc3[nH]2)cc1,0
O=C(O[C@H]1CN2CCC1CC2)C(O)(c1ccccc1)c1ccccc1,0
CC(=O)Nc1ccc2c(CCC3CCN(Cc4ccccc4)CC3)noc2c1,0
CNC(=O)c1ccc(-c2ccc3nnc([C@@H](C)c4ccc5ncccc5c4)n3n2)cc1,0
COc1ccccc1N1CCN(CCCCN2C(=O)c3ccccc3C2=O)CC1,0
CC(=O)N[C@@H](Cc1cc(F)cc(F)c1)[C@H](O)CNC1(c2cccc(-c3cccs3)c2)CCCCC1,0
N#CCNC(=O)[C@@H]1CCCC[C@H]1C(=O)N1CCN(c2ccccc2)CC1,0
COc1cc2c(NC3CCN(C(C)C)CC3)nc(N3CCCCC3)nc2cc1OCCCN1CCCC1,0
CCN(CC)Cc1ccc2cc(COC(=O)Nc3ccc(C(=O)NO)cc3)ccc2c1,0
CCn1cc(C(=O)N[C@@H]2C(C)(C)C3CC[C@]2(C)C3)c(=O)c2ccc(Sc3ccccc3)cc21,0
N=C(N)c1ccc2[nH]cc(CC(=O)Nc3ccc(-c4ccccc4S(N)(=O)=O)cc3Cl)c2c1,0
COc1ccc(CC2SC(=O)NC2=O)cc1C(=O)NCc1ccc(C(F)(F)F)cc1,0
O=C1O[C@]2(CC[C@@H](N3CCC(Cc4ccccc4Br)CC3)CC2)c2ccc3c(c21)OCO3,0
Nc1cccc(-c2ccc(C(=O)Nc3ccc(Cl)cc3C(=O)Nc3ccc(Cl)cn3)cc2)c1,0
NCCCC[C@@H](C(=O)NCc1ccccc1)N1Cc2[nH]c3ccccc3c2C[C@@H](NC(=O)CC(c2ccccc2)c2ccccc2)C1=O.O=C(O)C(F)(F)F,0
CONC(=O)Nc1ccc(-c2sc3c(c2CN(C)Cc2ccccc2)c(=O)n(-c2ccccc2)c(=O)n3Cc2c(F)cccc2F)cc1,0
CC[C@@H](C)[C@@H](N)C(=O)N(C)[C@H]1CC[C@@]2(C)C(=CC[C@@H]3[C@@H]2CC[C@]24CN(C)[C@@H](C)[C@H]2CC[C@@H]34)C1,0
COc1ccc(OC)c2c1c(OC)cc1c(=O)c(OCCOC(=O)[C@H](C)N)c(-c3cccc(F)c3)oc12.Cl,0
CC(=O)Nc1ccc(S(=O)(=O)NNc2ccc(F)cc2)cc1,0
C=CCOc1ccc(F)cc1[C@H]1C[C@@H]1CN.Cl,0
CCN(CC)C(=S)SSC(=S)N(CC)CC,0
CCNC(=O)c1ccc2oc(C(=O)C(Cc3ccccc3)NC(=O)Cn3c(-c4ccc(F)cc4)ncc(N)c3=O)nc2c1,0
O=C(CC[C@H](NS(=O)(=O)c1ccc(-c2ccccc2)cc1)C(=O)O)NCc1cc(C(F)(F)F)cc(C(F)(F)F)c1,0
Cn1c(=O)cnn(CCCCN2CCN(c3cccc4ccc(O[11CH3])cc34)CC2)c1=O,0
CO[C@@H]1Cc2ccc(O)cc2C(C)(C)[C@@H]1N,0
CO[C@]12CC[C@@]3(C[C@@H]1[C@](C)(O)C(C)(C)C)[C@H]1Cc4ccc(O)c5c4[C@@]3(CCN1CC1CC1)[C@H]2O5,0
Cc1ccccc1CC(NC(=O)CCCC[C@]12CCC(C)(C)C[C@H]1C1=CC[C@@H]3[C@@]4(C)CC[C@H](O)C(C)(C)[C@@H]4CC[C@@]3(C)[C@]1(C)CC2)C(=O)O,0
O=C(O)[C@H]1CC[C@H](c2cc3cccnc3c(-c3cccc(F)c3)n2)CC1,0
O=C1CCCCN1Cc1ccc(-c2ccc(CN3CCCCC3)cc2)cc1,0
CC(=O)/N=c1/sc(S(N)(=O)=O)nn1C,0
Cn1c(=O)c2[nH]c(-c3ccc(OCC(=O)Nc4ccc(F)cc4)cc3)cc2n(C)c1=O,0
COc1cc(OC)c2c(=O)nc(-c3cc(C)c(OCCO)c(C)c3)[nH]c2c1,0
Nc1nc2ncc(CNc3ccc(C(=O)NCCCCCC(=O)NO)cc3)nc2c(=O)[nH]1,0
Cc1ccccc1-c1ccc2c(n1)Oc1ccccc1[C@@H]2C(C)(C)C(=O)Nc1nncs1,0
Cc1cc2c(cc(O)c3c(=O)cc(-c4ccccc4)oc32)o1,0
Cc1ccc(C(=O)Nc2cc(CN3CCCC3)cc(C(F)(F)F)c2)cc1Nc1ncnc2cncnc12,0
Cc1cc(C(=O)O)c2[nH]c(-c3c(F)c(F)c(-c4ccc(O)cc4)c(F)c3F)nc2c1,0
N=C(N)c1ccc2[nH]c(-c3cc(C(CC(=O)O)C(=O)O)cc(-c4ccc(F)c(Cl)c4)c3O)nc2c1,0
O=C1OC(CCO)(c2ccccc2)CCN1c1cccc(-c2ccc(F)cc2F)c1,0
FC(F)(F)Oc1ccc(C2=NCC(c3cc(Cl)cc(Cl)c3)N2)cc1Cl,0
C=CCCN1CC[C@@H](N2CC(=O)N3[C@H](Cc4c([nH]c5ccccc45)[C@H]3c3ccc4c(c3)OCO4)C2=O)C1,0
CC(C(=O)NCc1ccc(C(F)(F)Cl)nc1SC1CCCCC1)c1ccc(NS(C)(=O)=O)c(F)c1,0
Nc1nc(O)c2c(ccc3ccc(CNc4ccc(C(=O)N[C@@H](CCC(=O)O)C(=O)O)cc4)cc32)n1,0
O=S(=O)(c1ccccc1)N(CC(F)(F)F)c1ccc(C(O)(C(F)(F)F)C(F)(F)F)cc1,0
Cl.Cl.O=C(NCCCCNC(=O)[C@H]1[C@@H](O)CC[C@H]2CN3CCc4c([nH]c5ccccc45)[C@@H]3C[C@@H]21)[C@H]1[C@@H](O)CC[C@H]2CN3CCc4c([nH]c5ccccc45)[C@@H]3C[C@@H]21,0
CC(C)[C@]1(C(=O)NCc2cc(C(F)(F)F)cc(C(F)(F)F)c2)CC[C@@H](NC2CCc3c(N)cccc32)C1,0
CS(=O)(=O)N1CCC(Oc2ccc(NC/C=C/c3cc(C(=N)N)ccc3O)cc2C(F)(F)F)CC1,0
CC1(C)CC[C@@]2(CC[C@H]3[C@@H]4CCc5cc(C(N)=O)ccc5[C@H]4CC[C@@]32C)OC1=O,0
CC(C)C[C@H](Nc1ccc(-c2ccc(N3CCNCC3)cc2)cc1)C(=O)NCC#N,0
CCCCC[C@H](O)/C=C/[C@H]1C(=O)C[C@H](O)[C@@H]1C/C=C\CCCC(=O)O,0
O=C(CC1CCc2ccccc2N1S(=O)(=O)c1ccc(Cl)c(Cl)c1)NCCc1ccc(C2=NCCN2)cc1,0
CN1CCC[C@H]1COc1ccc(C(F)(F)F)cc1C(=O)/N=c1\sc(C(C)(C)C)cn1CC1(O)CCC1,0
COc1cc(-c2ccc(-c3nccc4cc(S(=O)(=O)Nc5ccncn5)ccc34)c(OC)c2)ccc1F,0
CNC(=O)c1ncc(C#Cc2cc(C(=O)Nc3ccc(CN4CCN(CCO)CC4)c(C(F)(F)F)c3)ccc2C)n1C,0
NS(=O)(=O)c1ccc(-n2cc(-c3ccc(Br)cc3)c3c2ncn2nc4c5ccccc5nc-4nc32)cc1,0
CC1=C2CCc3cc(OCc4ccc(Cl)cc4)ccc3N2CCC1=O,0
CCN1CCc2cccc(C(c3ccc(F)cc3)n3ccnc3)c21,0
Cn1c(=O)ccc2c(NC(=O)N[C@@H]3CCc4cc(F)ccc43)cccc21,0
Cc1c(C(=O)NCCCN2CCN(c3cccc(Cl)c3Cl)CC2)cc(-c2ccccc2)n1Cc1ccccc1,0
O=C(N[C@@H](Cc1ccc2ccccc2c1)C(=O)N[C@H]1CCCN(S(=O)(=O)c2ccccn2)CC1=O)c1cc2ccccc2o1,0
COc1cc2c(Oc3ccc(NC(=O)C4(C(=O)Nc5ccc(F)cc5)CC4)cc3F)ccnc2cc1OCCCN1CCOCC1,0
CS(=O)(=O)c1cc(-c2ccc(C[C@@H](C#N)NC(=O)[C@@]34CC[C@H](CN3)C4)cc2)ccc1C#N,0
Cl.NCC1CC1c1c(OCCF)ccc(F)c1F,0
CCC(C)C(CC)C(=O)Nc1ccc(S(N)(=O)=O)cc1,0
COC(=O)[C@@H](NC(=O)C[C@H](O)[C@H](Cc1ccccc1)NC(=O)OC(C)(C)C)C(C)C,0
NS(=O)(=O)c1cc2c(cc1Cl)NCNS2(=O)=O,0
C=CCOc1cc(C[C@@H](C[C@H](N)[C@@H](O)C[C@@H](C)C(=O)NCCCC)C(C)C)ccc1C(C)(C)C,0
COc1ccc(Br)c(CN[C@H]2CCC[C@H](Nc3cc(C)c4ccc(OC)cc4n3)C2)c1,0
NC(=O)c1ccccc1OCCCN1CCN(c2cccc3c2ccn3Cc2ccccc2)CC1,0
COCCOCC#Cc1cc(-c2n[nH]c3c2C(=O)c2cc(CN4CCN(C)CC4)ccc2-3)cs1,0
Nc1cnc(-c2ccc(-c3ccccc3NS(=O)(=O)C3CC3)cc2F)cn1,0
COC[C@H](C)Oc1cc(C#CCOC2CCCCO2)cc(C(=O)Nc2ccn(C)n2)c1,0
NC(=O)c1ccc(-c2nccnc2C2CN(c3ccc4ccccc4n3)C2)cc1F,0
C[C@@H](NC(=O)Nc1cc2[nH]nc(-c3ccc4nn(C)cc4c3)c2cn1)c1cccc(Cl)c1,0
Nc1ccccc1NC(=O)c1ccc(CNC2=N[C@@H](c3ccccc3)CO2)cc1,0
CN(Cc1cnc2nc(N)nc(N)c2n1)c1ccc(C(=O)N[C@@H](CCC(=O)N[C@@H](Cc2ccccc2)C(=O)NO)C(=O)O)cc1,0
Cc1ccc(-c2nn(-c3cccc(C(F)(F)F)c3)cc2C(=O)Nc2ccc(C)c(S(=O)(=O)N3CCOCC3)c2)cc1,0
NC(=O)Nc1ccc2ncnc(Nc3ccc(Br)cc3)c2c1,0
COc1ccc(S(=O)(=O)N(Cc2cccnc2)[C@@H](C(=O)NO)C(C)C)cc1.Cl,0
Cc1c(C(=O)NCc2ccc(Cl)c(Cl)c2)nn(-c2ccc(Cl)cc2Cl)c1-n1cc2c(c1)CCCC2,0
CCOc1cc(C(=O)N[C@@H](Cc2ccccc2)[C@H](O)CNCc2cccc(C(F)(F)F)c2)cc(N(c2ccccc2)S(C)(=O)=O)c1,0
Cc1ccc(C(=O)Nc2ccc(CN3CCN(C)CC3)c(C(F)(F)F)c2)cc1C#Cc1cnc2[nH]nc(-c3ccccc3)c2c1,0
CC(=O)c1cnc(-c2ccn3c(-c4cccc(NC(=O)NCC(F)(F)F)c4)cnc3c2)nc1,0
CN1CCN(CCCN(c2nc3cc(F)c(F)cc3[nH]2)[C@@H]2CC[C@]3(c4cccc(C#N)c4)C[C@H]23)CC1,0
c1cc(-c2ccc(Oc3ccc(OC[C@@H]4CCCCN4)cc3)cc2)cs1,0
O=C(Nc1cccc2nsnc12)N1CCN(Cc2cccc(Oc3ccc(Cl)cc3)c2)CC1,0
c1ccc(CN2CCC(CCc3nccc4ccccc34)CC2)cc1,0
COc1cc(CCC(=O)NNc2c3c(nc4ccccc24)CCCC3)cc(OC)c1OC,0
Cc1ccccc1N1CCN(CCCCN2CCCC2=O)CC1.Cl,0
COc1cc2c(cc1OC)C(=O)C(CC1CCN(Cc3ccccc3)CC1)C2,0
C#C[C@]1(O)CC[C@H]2[C@@H]3CCc4cc(O)ccc4[C@H]3CC[C@@]21C,0
CCn1c(=O)c2[nH]c(-c3ccccc3)nc2n(CC)c1=O,0
CNc1nc(Nc2ccc(C(=O)N3CCOCC3)cc2OC2CCC2)ncc1C(F)(F)F,0
CC(C)Cc1ccc(-c2cnc(N)cn2)c(F)c1Oc1nccc(N)n1,0
CCCCCCCCCCCCCCCCCCNC(=O)OCC(COP(=O)([O-])OCC[n+]1ccsc1)OC,0
CN1C[C@@H]2[C@H](CC[C@]3(C)[C@@H](C(=O)NC(C)(C)C)CC[C@@H]23)[C@@]2(C)C=CC(=O)C=C12,0
N#C[C@@H]1CCCCN1C(=O)[C@@H](N)CCN,0
Cc1c(C(=O)NCCCCN2CCN(c3cccc(Cl)c3Cl)CC2)nnn1Cc1ccccc1,0
N#Cc1cc(C(=O)N[C@@H]2CC[C@@]3(O)[C@H]4Cc5ccc(O)c6c5[C@@]3(CCN4CC3CC3)[C@H]2O6)ccn1,0
CN1CCN(C(=O)c2cc3ccccc3[nH]2)CC1,0
CCCCC(C(=O)NO)S(=O)(=O)c1ccc(OC)cc1,0
O=C[C@H](CC(=O)O)NS(=O)(=O)c1ccccc1OCCc1cccc2ccccc12,0
OC1(CCCc2ccc(Cc3nnn[nH]3)cc2)CCN(C[C@H]2CN(CC3CCCCC3)C[C@@H]2c2ccccc2)CC1,0
CC(O)(CCC1CCN(C[C@H]2CN([C@H](CC3CC3)C(=O)O)C[C@@H]2c2cccc(F)c2)CC1)c1ccc(F)cc1,0
Cc1cccnc1CN1CCC2(CC1)C(=O)N(c1ccc(-c3ccccc3)cc1)C(=O)N2c1cc(O)ncn1,0
Cc1cn(C)c2c(Cn3c(=O)n(CCC(=O)O)c4ccccc43)cccc12,0
O=C(N[C@H]1C[C@@H]1c1ccccc1)N1CCC(Oc2ncccn2)CC1,0
COc1cccc(N2C(=O)N(Cc3ccccc3F)C3(CCN(Cc4ccc(-c5cnccc5OC)cc4)CC3)C2=O)c1,0
Cn1ccc(COc2cc3c(cc2F)nc([C@@H]2CCCC[C@@H]2C(=O)O)n3Cc2ccc(OC(F)(F)F)cc2F)n1,0
NC1=NC(c2ccc(F)cc2)Nc2cccc(F)c21,0
CSCC[C@H](NC(=O)[C@H](CC(C)C)NC(=O)CNC(=O)[C@H](Cc1ccccc1)N(C)C(=O)[C@H](Cc1ccccc1)NC(=O)[C@@H](CC(=O)O)NC(=O)[C@H](CC(=O)O)NC(C)=O)C(N)=O,0
COc1ccc2nc3sc(C(=O)Nc4ccccc4F)cc3cc2c1,0
N#Cc1ccc2[nH]c3c(c2c1)CC(=O)Nc1ccccc1-3,0
N#Cc1ccc(N(Cc2ccc(OS(N)(=O)=O)cc2F)n2ccnc2)cc1,0
CCCC[C@@H](C=O)NC(=O)OC(C)(C)C,0
CCCCC/C=C\C/C=C\C/C=C\C/C=C\CCCC(=O)NCCCC,0
CC1(c2nc3c(C(N)=O)cccc3[nH]2)CNC1,0
O=c1c2ccccc2n(CCOS(=O)(=O)c2ccc(C(F)(F)F)cc2)c2ccccc12,0
CN(Cc1ccccc1)Cc1ccc(COc2ccc3ccc(=O)oc3c2)cc1,0
Cc1cnc(NC(=O)C2=C(O)c3ccccc3S(=O)(=O)N2C)s1,0
N=C(N)NCCC[C@H](NC(=O)CN1C(=O)CN(CCCc2ccccc2)C(=O)[C@@H]1Cc1ccccc1)C(=O)c1nccs1,0
O=C(N[C@@H]1CNCCC[C@H]1OC(=O)c1cc(O)c(C(=O)c2c(O)cccc2C(=O)O)c(O)c1)c1ccc(O)cc1,0
CO[C@@H](Cc1ccc(OCCc2nc(-c3ccccc3)oc2C)c2sccc12)C(=O)O,0
c1ccc(CC2CCN(CCCc3c[nH]c4ccc(-n5cnnc5)cc34)CC2)cc1,0
CC(C)Oc1ccccc1C(=O)Nc1cccc(NC(=O)c2ccccc2OC(F)(F)F)c1,0
COc1cc(Cn2c(=O)n(CCC(=O)O)c3ccccc32)c2c(c1)c(C)c(C)n2C,0
COc1ccc(-c2nc(C(=O)NCc3ccc(Cl)cc3Cl)c(CN)o2)c2ccc(C(F)(F)F)nc12,0
COc1cc2nc(N(C)CCCCCCN(C)C(=O)C3COc4ccccc4O3)nc(N)c2cc1OC,0
NC(=O)[C@H](CC(=O)O)NC(=O)[C@H](CCC(=O)O)NC(=O)CCc1cc(-c2ccc(-c3cccc(Cl)c3)cc2)no1,0
CCN(C(=O)C(C)C)c1ccc(C(O)(C(F)(F)F)C(F)(F)F)cc1,0
CC[C@H](Nc1ncnc2[nH]cnc12)c1nc2cccc(F)c2c(=O)n1-c1ccccc1,0
C[C@@H]1CCN(c2cnc3cc(F)c(F)cc3n2)CCN1C(=O)c1ccccc1-n1nccn1,0
C[C@@H]1CN(CC(=O)N2CC(C)(C)c3cnc(Cc4ccccc4)cc32)[C@@H](C(=O)N2CCOCC2)CN1,0
N#Cc1cc2cc(CN3CCC(Nc4ncnc5sc(CC(F)(F)F)cc45)CC3)ccc2[nH]1,0
CC(c1cc(-c2cccc(/C=C(\c3ccc(S(C)(=O)=O)cc3)c3ncc(C(C)(C)O)s3)c2)c2ncccc2c1)S(C)(=O)=O,0
CC(C)C[C@H](C(=O)O)N1C[C@H](CN2CCC(CCSc3ccc(F)cc3)CC2)[C@@H](c2cccc(F)c2)C1,0
COc1cc(C(=O)N[C@H](C(=O)N2CCCCC2)c2ccccc2)ccc1NC(=O)c1ccccc1-c1ccc(C(F)(F)F)cc1,0
N=C(NCCCCc1ccccc1)NC(=O)c1cccs1,0
COc1ccc(S(=O)(=O)N2CC(C)(C)C(CO)[C@@H]2C(=O)NO)cc1,0
COc1cc(N2CCC(N3CCN(C)CC3)CC2)ccc1Nc1ncc(Cl)c(Nc2ccccc2OC)n1,0
CC(C)=CCC/C(C)=C/CC/C(C)=C/CCN(C)CCOP(=O)(O)OP(=O)(O)O,0
Nc1ncc(-c2cc([C@H]3[C@H]4CN(C5COC5)C[C@H]43)nc(C3CC3)n2)cc1OC(F)F,0
O=C(N[C@@H]1CNCCC[C@H]1OC(=O)c1cc(O)c(C(=O)c2c(O)cccc2C(=O)O)c(O)c1)c1ccc(O)cc1,0
CN(C(=O)c1ccccc1)c1ccc2c(c1)[nH]/c(=N\C(=O)c1ccc(-c3cncc(C#N)c3)s1)n2CCC(N)=O,0
CC1CCCN1C(=O)NCc1ccc(Cl)c(Nc2nc3cc(C(=O)N[C@H]4CC[C@H](C(F)(F)F)CC4)c(OCC(F)F)cc3n2C)c1Cl,0
NC(N)=NC(N)=Nc1cccc(Cl)c1,0
O=C(N[C@@H]1C2CCN(CC2)[C@H]1Cc1cccnc1)c1ccc(-c2ccccc2)s1,0
O=C(O)C[C@H](NC(=O)c1cncc(S(=O)(=O)NCc2ccccc2)c1)C(=O)CSCc1ccc(F)cc1,0
CC[C@H](Nc1nc(NCc2cnc(C)cc2C)c2ncn(C(C)C)c2n1)[C@@H](C)O,0
CN1CCN(C2=Cn3cccc3Sc3ccccc32)CC1,0
CCCC/C(=C\c1cc(OCc2csc(-c3ccc(C(F)(F)F)cc3)n2)ccc1OCc1ccc(C(F)(F)F)cc1)C(=O)O,0
CN(C[C@H]1C[C@@H]1COc1ccc(C(=O)c2ccc(Br)cc2)cc1)C1CC1,0
O=C(NS(=O)(=O)c1ccc([N+](=O)[O-])cc1)[C@H](Cc1c[nH]c2ccccc12)N1C(=O)/C(=C/c2ccc(-c3ccc(C(F)(F)F)cc3)cc2)SC1=S,0
CC[C@]12CCCN3CCc4c(n(c5ccccc45)C(=O)C1)[C@@H]32,0
O=C1C(=O)c2cccnc2-c2ccccc21,0
C/C(=N\OCc1ccc(C2CCCCC2)c(C(F)(F)F)c1)c1ccc(CNCCC(=O)O)c(F)c1,0
CC(C)[C@@H]1C(=O)N(S(C)(=O)=O)[C@@H]2CCN(C(=O)/C=C/CN3CCCCC3)[C@@H]12.Cl,0
N#Cc1cc(-c2ccc(O)c(F)c2)cc2ccc(O)c(Cl)c12,0
COc1ccc(OC)c(C(O)C(C)N)c1,0
O=C1[C@H]2[C@@H]3CC[C@@H](C3)[C@H]2C(=O)N1C[C@@H]1CCCC[C@H]1CN1CCN(c2nsc3ccccc23)CC1,0
COC(=O)CC1(C(=O)Nc2ccc(-c3ccccc3S(N)(=O)=O)cc2F)CC(c2cccc(C(=N)N)c2)=NO1.O=C(O)C(F)(F)F,0
O=C1NCCN1CCN1CCC(c2cn(-c3ccc(F)cc3)c3ccc(Cl)cc23)CC1,0
CCCCCCCC/C=C\CCCCCCCC(=O)C(F)(F)F,0
O=C(Nc1cccc2cccnc12)c1ccc(N2C(=O)[C@H]3[C@H]4C=C[C@H](C4)[C@H]3C2=O)cc1,0
CCN(CCNC(=O)C1CC(=O)N(CCc2ccccc2)C1)c1ccccc1,0
CC(C)(C)N[C@@H]1C[C@@H](c2ccc(Cl)c(Cl)c2)c2ccccc21,0
O=C(NS(=O)(=O)N1CCOCC1)c1cc(C2CC2)c(OCC23CC4CC(CC(C4)C2)C3)cc1F,0
O=C(N1CCN(c2ccccc2[N+](=O)[O-])CC1)n1nnc2ccccc21,0
OC1(c2ccccc2)c2ccccc2C2=NCCN21,0
CC(=O)O[C@H]1CC[C@@]2(C)[C@@H](CC[C@]3(C)[C@@H]2C(=O)C=C2[C@@H]4C[C@@](C)(C(=O)O)CC[C@]4(C)CC[C@]23C)C1(C)C,0
CC(=O)NS(=O)(=O)[C@]12CC3CC(C1)[C@@H](NC(=O)C(C)(C)Oc1ccc(Cl)cc1)C(C3)C2,0
Cc1nc2ccc(C(=O)c3cnn(C)c3O)cc2c(=O)n1-c1ccccc1F,0
CN1CCN(c2ccc(Nc3cc(N(C)C(=O)Nc4c(Cl)cccc4Cl)ncn3)cc2)CC1,0
Cc1c[nH]c(=O)n(CCCN2CCN(c3ccc(F)cc3OCC(F)(F)F)CC2)c1=O,0
C[N+]1(CC(=O)c2ccccn2)CC[C@@H](N2CC(c3ccc(F)cc3)(c3ccc(F)cc3)NC2=O)C1,0
N#Cc1cc(NCc2cc(F)c(F)cc2-c2ccc(C(=O)NCCC(=O)O)nc2)ccc1-c1ccc(Cl)cc1,0
CC(/C=C/C(=O)NO)=C\[C@@H](C)C(=O)c1ccc(N(C)C)cc1,0
Cc1c(C(=O)c2cccc3ccccc23)c2cccc3c2n1[C@H](CN1CCOCC1)CO3,0
CN(CCCn1c(=O)oc2cc3c(cc21)C(c1ccc(Cl)cc1)CC3=O)Cc1ccccc1,0
O=C1N(CC2CO2)c2ccccc2C12CCN(CC1CCCCCCC1)CC2,0
CC(C)(O)CCOc1ccc(C(F)(F)F)cc1C(=O)/N=c1\sc(C(C)(C)C)cn1C[C@H]1CCCO1,0
COc1cc2c(cc1-c1c(C)noc1C)[nH]c1ccnc(-c3cn[nH]c3)c12,0
CCOC(=O)N1CCC[C@H](NC(=O)c2nn(-c3ccc(Cl)cc3Cl)c(-c3ccc(Cl)cc3)c2C)C1,0
O=C(O)c1ccc(OCCCc2ccc(OCCCCOc3ccccc3)cc2)c(C(=O)NC2CCCC(C(=O)O)C2)c1,0
CN1CCN(c2ccc3[nH]c(-c4c(N)c5cc(N)ccc5[nH]c4=O)nc3c2)CC1,0
COc1cc(NC(=O)N[C@@H](CN2CCC(Cc3ccc(Cl)c(Cl)c3)CC2)C(C)C)cc(OC)c1OC,0
CNc1nc(Nc2ccc3nc(C)cc(N)c3c2)nc(Nc2ccc3nc(C)cc(N)c3c2)n1,0
N#CC1(NC(=O)[C@H](CS(=O)(=O)c2ccc(F)cc2)N[C@@H](c2ccc(F)cc2)C(F)(F)F)CC1,0
CC(=O)Nc1nnc(S(N)(=O)=O)s1,0
C[C@@H]1C[C@@H](c2ccncc2NC(=O)c2nc(-c3c(F)cccc3F)ccc2N)C[C@@H](N)[C@H]1O,0
N[C@H](C(=O)N1CC(F)C1)C1CCCCC1,0
c1ccc(Cc2ccc([C@H]3C[C@@H](N4CCCC4)C3)cc2)cc1,0
Cc1cn(-c2cccc(NC(=O)c3ccc(C)c(Nc4nccc(-c5cccnc5)n4)c3)c2)cn1,0
CC(C)OC(=O)c1cn(Cc2c(F)cccc2F)c2sc(-c3ccc(NC(=O)C(C)C)cc3)c(CN(C)Cc3ccccc3)c2c1=O.Cl,0
CNc1c(-c2ccccc2)c(-c2ccc(CN3CC(c4n[nH]c(-c5cccc(C)n5)n4)C3)cc2)nc2nc(C)cn12,0
N=C(N)NCCNC(=O)C1(Nc2ccccc2)CCN(Cc2ccccc2)CC1,0
COc1cc(C(=O)N2CCC(n3c(=O)[nH]c4ccccc43)CC2)ccc1N,0
CC(C)N(C(=O)CN1C(=O)[C@H](NC(=O)Nc2cccc(C(=O)O)c2)C(=O)N(c2ccccc2)c2ccccc21)c1ccccc1,0
CC1(C)CN2C(CS/C(=N\C3CCCCC3)NC3CCCCC3)=CSC2=N1,0
C[C@H]1Cn2c(nnc2-c2ccc(F)cc2)CN1C(=O)c1cccc(Cl)c1Cl,0
N[C@H](C(=O)N1CCC[C@H]1B(O)O)C1CCCCC1,0
Cc1ccccc1C(=O)N1CCN(c2ccc(C(=O)c3c(-c4ccc(O)cc4)sc4cc(O)ccc34)cc2)CC1,0
COC(=O)C1=C(C)NC(C)=C(C(=O)OCCCN2CCC(c3ccccc3)(c3ccccc3)CC2)[C@H]1c1cccc([N+](=O)[O-])c1,0
Clc1cc(N2CCNCC2Cc2ccccc2)cc2cc[nH]c12,0
NCCCN1CCN(CCCc2ccccc2)CC1,0
O=C(NC1Cc2ccccc2N(CC(CO)CO)C1=O)c1cc2cc(Cl)ccc2[nH]1,0
O=C1NCC2c3c(cccc31)CCN2C(=O)[C@@H]1CCCN1,0
O=C(/C=C/c1ccc(-c2nnc(Cc3cccc4ccccc34)o2)cc1)NO,0
COCCOc1ncccc1C1c2c(n[nH]c2C(C)(C)C)C(=O)N1c1ccc(-c2cccs2)cc1,0
Cc1ncsc1-c1nnc2n1C[C@H](C)N(Cc1cccc(C(F)(F)F)c1Cl)C2=O,0
CC(C)CS(=O)(=O)Nc1ccc(F)c(Nc2ncccc2-c2ncnc3[nH]cnc23)c1F,0
CNC(=O)c1nn(C)cc1NC(=O)c1nc(C2CCCO2)ccc1Nc1cncnc1,0
OCCCNC1CCN(c2ccc(Nc3ncc4c5ccncc5n(C5CCCC5)c4n3)nn2)CC1,0
CCCSc1c(F)c(F)c(S(N)(=O)=O)c(NC2CCCCCCC2)c1F,0
Cc1c(C(=O)NC2CCCCC2)nn(-c2ccc(Cl)cc2Cl)c1-n1c(C)ccc1C,0
Cc1cc2c(C(=O)NC3Cc4ccccc4C3)c(O)c(O)cc2c(O)c1-c1c(C)cc2c(C(=O)NC3Cc4ccccc4C3)c(O)c(O)cc2c1O,0
CCCc1nc(Cl)c(C(N)=O)n1Cc1ccc(-c2ccccc2S(=O)(=O)Nc2onc(C)c2C)cc1,0
NCc1ccc(Cl)cc1CNC(=O)[C@@H]1CCCN1C(=O)[C@@H](CCc1ccc(O)cc1)NCC(=O)O,0
C[C@@H]1CC2CC(=O)C=CN2c2ccc(Cl)cc21,0
CC(C)Oc1cc(F)cc(-n2nc(NC(=O)[C@@H]3CNC(=O)C3)cc2-c2cccc(CO[C@H](C)C(F)(F)F)c2)c1,0
O=c1[nH]c2ccc(OCCCCN3CCN(c4cccc(Cl)c4Cl)CC3)cc2[nH]1,0
Cc1c[nH]nc1C(=O)N[C@@H]1CC(C)(C)Oc2nc(-c3ccc(Cl)cc3Cl)c(-c3ccc(Cl)cc3)cc21,0
Cc1cc(OCCCS(C)(=O)=O)cc(C)c1-c1cccc(COc2ccc(OCC(=O)O)c(Cl)c2)c1,0
Cc1cccc(Nc2nc(NCCN)ncc2C(N)=O)c1,0
CN(C(=O)c1cc(C(F)(F)F)cc(C(F)(F)F)c1)[C@@H](/C=C/C(=O)N[C@@H]1CCCCNC1=O)Cc1cn(C)c2ccccc12,0
CCCn1c(=O)c2[nH]c(-c3cc(OCc4nc5cc(Cl)c(F)cc5[nH]4)no3)nc2n(CCC)c1=O,0
COc1cc(C(F)(F)F)cc2c1nnc1c(C)nc(-c3cccc(F)c3C)n12,0
Cn1c(=O)c(-c2c(Cl)cccc2Cl)cc2cnc(NCc3cccc(NC(=O)CN)c3)nc21,0
Cc1nnc(C(C)C)n1[C@H]1C[C@@H]2CC[C@H](C1)N2CC[C@H](NC(=O)C1CCC(F)(F)CC1)c1ccccc1,0
CC(=N)N1CCC(Oc2ccc3nc(C)n(Cc4ccc5ccc(C(=N)N)cc5c4)c3c2)CC1,0
CN(Cc1ccc(C(=O)Nc2ccc(Cl)cc2C(=O)Nc2ccc(Cl)cn2)cc1)C(=N)N,0
N[C@@H](Cc1ccc(O)cc1)C(=O)NC1CCCC[C@@H](C(=O)O)NC(=O)C2(CCCC2)CCNC1=O,0
CCc1cc(O)c(F)cc1-c1ccc2c(-c3nc4c([nH]3)CCN(S(=O)(=O)c3ccc(F)cc3)C4)n[nH]c2c1,0
CCN(C(=O)c1ccc(CNc2nc(NC)nc(N3CCc4cc(OC)c(OC)cc4C3)n2)cc1)c1cccc(C)c1,0
Cc1nccn1CCCNS(N)(=O)=O,0
CC#CCn1c(N2CCCC(NC(=O)OC(C)(C)C)C2)nc2c1c(=O)n(Cc1nc(NCc3ccccc3)c3ccccc3n1)c(=O)n2C,0
COc1ccc([C@H](Cc2ccncc2)c2ccccc2)cc1OC1CCCC1,0
Cc1ncc([N+](=O)[O-])n1CCOS(N)(=O)=O,0
CNC(=O)[C@H](Cc1ccccc1)NC(=O)[C@H](CCCC(=O)NCc1ccccc1)CC(=O)NO,0
O=C(CCCCCCNC(=O)c1cnc(N(c2ccccc2)c2ccccc2)nc1)NO,0
Oc1ccc2c3c1O[C@H]1c4ncc(-c5ccc(Cl)cc5)cc4C[C@@]4(O)[C@@H](C2)N(CC2CC2)CC[C@]314,0
COc1ccc2nc(/C=C/[C@@H]3[C@@H]4[C@@H](C)OC(=O)[C@@H]4C[C@@H]4CCCC[C@H]43)ccc2c1,0
COc1cc(/C=C/c2ccc3cccc(OC)c3n2)c(O)c([N+](=O)[O-])c1,0
CC1Oc2ccc(CN3CCC(N(C)C)CC3)cc2NC1=O,0
COC1(C#CC(O)(Cc2ccccc2)c2ccccc2)CN2CCC1CC2,0
CNc1nc(C)nc2c1ncn2[C@H]1C[C@H](OP(=O)(O)O)[C@]2(COP(=O)(O)O)C[C@H]12,0
O=C(NC1CC1)[C@H]1O[C@@H](n2cnc3c(NC4CC4)nc(Cl)nc32)[C@H](O)[C@@H]1O,0
N=C(N)NCCCC(NC(=O)[C@@H]1CC[C@H]2CN(C(=O)[C@@H](O)c3ccccc3)CC(=O)N21)C(=O)c1nccs1,0
Cc1c(NS(N)(=O)=O)cccc1Oc1cc(F)cc(Nc2ccc(I)cc2F)c1C(N)=O,0
CN(CCCCCCCCCCCOc1ccc2c(=O)c3ccccc3oc2c1)Cc1ccccc1,0
Cc1[nH]c2ccccc2c1CCNCc1ccc(/C=C/C(=O)NO)cc1,0
Cc1ccc2c(N)n[nH]c2c1-c1ccc2c(N3CCOC[C@@H]3C)nncc2c1,0
CC/C(=C(/c1ccc(/C=C/C(=O)O)cc1)c1ccc2[nH]ncc2c1)c1cccc(Cl)c1,0
CN1CCN(CC(c2cccc(OC(F)(F)F)c2)C2(O)CCCCC2)CC1.Cl.Cl,0
Cc1cc2nc(-c3c(N)c4ccccc4[nH]c3=O)[nH]c2cc1C,0
CN[C@@H]1C[C@H]2O[C@@](C)([C@@H]1OC)n1c3ccccc3c3c4c(c5c6ccccc6n2c5c31)C(=O)NC4,0
CCCC[C@H](NC(=O)O[C@H](Cn1ccc(-c2ccc(C(F)(F)F)cc2)n1)C(C)(C)C)C(=O)CNS(=O)(=O)c1ccccn1,0
CN(C[C@H]1C[C@@H]1COc1ccc(C(=O)c2ccc(Br)cc2)c(F)c1)C1CC1,0
CN(C)CC(Nc1ncnc2c(C(N)=O)cccc12)c1cccc(NC(=O)c2ccc(Br)cc2)c1,0
N[C@@H](CC(=O)N1CCc2sc(-c3ccc(C(F)(F)F)cc3)nc2C1)Cc1cc(F)ccc1F,0
CCN(CC)C(=O)C1(c2ccccc2)CC1CN,0
O=C(O)C(=O)O.O=C(c1ccccc1F)N1CCN(Cc2cccc(Cl)c2)CC1,0
N=C(N)c1ccc(O)c(/C=C/CNC(=O)c2ccc(-c3ccccn3)s2)c1,0
CCCCCCC(C)(C)c1cc(O)cc(OCCCCCCCC(=O)NCC(F)(F)F)c1,0
COC(=O)C1C(c2ccc(F)cc2)CC2C[C@@H](O)C1N2C,0
CS(=O)(=O)N1CCc2c(c(-c3ccc(C(F)(F)F)c(SCCN4CCCCC4)c3)nn2CCCN2CCCCC2)C1,0
COc1cc2c(cc1OC)C1=NO[C@@H](CN3CCN(C/C=C(\C)c4ccccc4)CC3)[C@@H]1CO2,0
N#Cc1ccc(O)c(-c2cc(C(CC(=O)O)C(=O)O)cc(-c3nc4cc(C(=N)N)ccc4[nH]3)c2O)c1,0
CC(=O)N[C@@H](Cc1cc(F)cc(F)c1)[C@H](O)CNC1(c2cc(C(C)(C)C)cs2)CCCCC1,0
C=CC(=O)Nc1ccc([N+](=O)[O-])cc1,0
O=C(O)CN1C[C@H](CN2CCC(O)(CCCc3ccccc3)CC2)[C@@H](c2ccccc2)C1,0
CC(Cc1nc2cc(/C=C/C(=O)NO)ccc2n1CCCO)c1ccccc1,0
COc1ccc(C2Oc3ccc(Cl)cc3-c3ccc4c(c32)C(C)=CC(C)(C)N4)cc1,0
O=C(NCCN1CCOCC1)c1ccc2c(c1)C(=O)c1ccc(Nc3ccc(F)c(NC(=O)c4ccccc4)c3)cc1CC2,0
N#Cc1ccnc(Nc2cc(C3CCN(C4COC4)CC3)cc(OC3CCC3)n2)c1,0
CC(C)(C)c1ccc(-c2nc3c(N4CCN(Cc5ccc6nccnc6c5)CC4)cccc3[nH]2)cc1,0
NS(=O)(=O)Oc1ccc(NC(=O)Nc2c(F)cc(F)cc2Br)cc1,0
CCC(C)(CCN1CCOCC1)N(Cc1cc2ccccc2n(C)c1=O)C(=O)C1CCCCC1,0
O=S(=O)(Nc1ncc(F)s1)c1ccc2c(-c3ccc(C(F)(F)F)cc3C3CCNCC3)cccc2c1,0
CC(C)(C)OC(=O)N1CCN(c2cccc3c2cnn3-c2ccccc2F)C1=O,0
FC(F)(F)c1cnc(Nc2ccc3[nH]cnc3c2)nc1Nc1ccccc1Cl,0
O=C1Cc2ccc(C3CCN(CCCCc4nc5ccccc5n4-c4ccc(F)cc4)CC3)cc2N1,0
COc1ccc(S(=O)(=O)N2CCCCC(C)(C)[C@@H]2C(=O)NO)cc1,0
O=C(Nc1ccc(-c2nc(C3CCOCC3)nc(N3C4CCC3COC4)n2)cc1)Nc1ccc(N2CCNCC2)cc1,0
CCCCC[C@H](O)/C=C/[C@H]1[C@H](O)CC(=O)[C@@H]1C/C=C\CCCC(=O)O,0
C[C@H]1CN(c2nc(-c3cnc(N)nc3)cc(N3C[C@@H]4C[C@H]3CO4)n2)C[C@H]1F,0
C[C@H]1C[C@@H](C)N1C(=O)[C@@H]1C=C2c3cccc4[nH]cc(c34)CC2N(C)C1,0
CC(C)Nc1cncc(N(C)C(C)C)c1CN.Cl.Cl,0
CC[C@@H]1OCC(=O)[C@H]1NC(=O)[C@H](CC1(C)CCCC1)NC(=O)c1ccc(NS(=O)(=O)c2ccccc2)c(C)c1,0
CCOc1cccc(NC(=O)c2ccc(N3CCCC3)c(C(F)(F)F)c2)c1,0
COc1cccc(CNCc2ccc(C(=O)NO)cc2)c1,0
Nc1nc(N2CCN(Cc3ccc(Br)cc3)CC2)nc2nc(-c3ccco3)nn12,0
COc1cccc2c1CC(CNCCCCN1C(=O)CC3(CCCC3)CC1=O)CO2,0
O=C(Nc1cccc(F)c1F)c1cc(O)c2cccc(O)c2n1,0
C[C@H](NC(=O)CC(F)(F)F)c1ccc(OC2CCN(c3cccc(C(F)(F)F)n3)C2)cc1,0
CCN(C)Cc1ccccc1N1CCC(NC(=O)c2cc(C(F)(F)F)nn2-c2ccc3onc(N)c3c2)CC1,0
N[C@@H](c1ccccc1-c1ccc(Cl)cc1)C1CCN(c2ccc(C(=O)NS(=O)(=O)c3ccc(N[C@H](CCN4CCOCC4)CSc4ccccc4)c(S(=O)(=O)C(F)(F)F)c3)cc2)CC1,0
CCOC(=O)c1cnn(-c2nc(NC34CCC(CC3)C4)c3ncn([C@@H]4O[C@H](CO)[C@@H](O)[C@H]4O)c3n2)c1,0
N=C(N)NC(=O)c1ccc(C2CCN(C(=O)c3ccc(O)cc3)CC2)c(C(F)(F)F)c1,0
[O-][n+]1ccc(CC(c2ccc(C(O)(C(F)(F)F)C(F)(F)F)cc2)c2ccc(OC(F)F)c(OC(F)F)c2)cc1,0
c1ccc(CCCCN2CCN(Cc3cc4ccccc4o3)CC2)cc1,0
CCN(C)C(=S)SNCc1ccc(S(N)(=O)=O)cc1,0
Cc1c(OCc2cccc(-c3ccc(C(=O)O)cc3)c2)cc2c(c1C)C(=O)C(C1CCCC1)C2,0
Cc1ccc(F)c(NC(=O)Nc2ccc(-c3nsc(NC(=O)NCCCN4CCOCC4)c3C(N)=O)cc2)c1,0
CC(=O)OC[C@]1(C)[C@@H](OC(C)=O)CC[C@]2(C)[C@H]3[C@@H](O)c4c(cc(-c5cccnc5)oc4=O)O[C@]3(C)[C@@H](OC(=O)c3ccc(F)c(F)c3F)C[C@H]21,0
CCCNCC(O)COc1ccccc1C(=O)CCc1ccccc1,0
Cc1c(Cl)cccc1-c1ccc(C(=O)Nc2ccc3oc(-c4cccnc4)nc3c2)o1,0
O=C(CN(Cc1ccc([N+](=O)[O-])cc1)S(=O)(=O)c1cccc2ccccc12)NO,0
O=S(=O)(CC1CS1)c1ccc(Oc2ccc(O)cc2)cc1,0
C/C(=C\C(=O)N[C@H]1CCc2cccc3c2N(C1=O)[C@H](C(=O)NCCNC(N)=O)C3)c1ccc(OP(=O)(O)O)cc1,0
COc1cc(C)c(-c2nc3ccc(C(=O)Nc4ccc(C)c(C)c4)cc3[nH]2)c(C)c1,0
CN1CCN(CCCN2c3ccccc3Sc3ccc(Cl)cc32)CC1,0
CN1CCC(Oc2ccc(-c3n[nH]c4ccc(C(=O)NC(c5ccccn5)C5CCCC5)cc34)cc2)CC1,0
N=C(N)c1ccc(OC(=O)c2ccc(CCC(=O)N[C@@H](CO)C(=O)O)s2)c(F)c1,0
COc1ccc2c(c1)CCC2NC(=O)COc1cc(C)c2c(C3CC3)nn(C)c2n1,0
CC(C)C(=O)c1c(C(C)C)nn2ccccc12,0
N[C@H](C(=O)N1CCSC1)[C@H]1CC[C@H](NC(=O)c2ccc(OC(F)(F)F)cc2)CC1,0
CO/N=C(\c1ccc(C(=O)O)cc1)c1cc2c(cc1C)C(C)(C)CCC2(C)C,0
COC(=O)N1CCC(n2ncc3c(N4CCOCC4)nc(-c4ccc(NC(=O)Nc5ccccc5)cc4)nc32)CC1,0
O=c1c(N(Cc2ccccc2)S(=O)(=O)c2ccc(Oc3ccccc3)cc2)cccn1O,0
O=P(O)(O)C(Nc1cccc(F)c1)P(=O)(O)O,0
COc1ccc(C(=O)C2CCN([C@H]3CN(Cc4cccnc4)CC[C@@H]3O)CC2)cc1,0
CSc1ccccc1N1CCN(CCCNC(=O)c2cnn3ccccc23)CC1,0
CC(C)(C)c1ccc(NC(=O)N2Cc3ccc(S(=O)(=O)Nc4ccc(OCCCC(F)(F)F)cc4F)cc3C2)cc1,0
CCC(CC)C(=O)NCc1ccc(S(N)(=O)=O)cc1,0
c1cc(N2CCOCC2)ccc1-c1cnc2c(-c3cn[nH]c3)cnn2c1,0
CC1NC(CO)[C@@H](O)[C@@H](O)[C@@H]1O,0
CCn1c(C)c(C(=O)NS(C)(=O)=O)c(-c2cccc(N3CCN(c4ccc(NS(=O)(=O)c5ccc(N[C@H](CCN(C)C)CSc6ccccc6)c([N+](=O)[O-])c5)cc4)CC3)c2)c1-c1ccc(Cl)cc1,0
CC#CC[C@H](C)[C@H](O)/C=C/[C@@H]1[C@H]2c3cccc(CCCC(=O)O)c3O[C@H]2C[C@H]1O,0
NC(=O)n1cc(NC(=O)N2[C@H](C(=O)N[C@H](CO)c3cccc(Cl)c3)C[C@H]3C[C@H]32)c2ccccc21,0
O=C(Cn1c(-c2ccccc2)nc2ccc(-c3cccc(CN4CCOCC4)c3)cc2c1=O)NCC1CC1,0
COc1ccc(Cn2c(N3CC[C@@H](N(C)C)C3)nc3ccccc32)cc1,0
CCCC(=O)N[C@H]1CC[C@H](CCN2CCC(c3cccc4c3CCO4)CC2)CC1,0
Fc1ccc2c(c1)nc(-c1ccccn1)n2-c1ccc(OCCCN2CCC(Cc3ccccc3)CC2)cc1,0
CC(C)C[C@H](NC(=O)[C@@H](CC(=O)NO)CC(C)C)c1nc2cc(Cl)c(Cl)cc2[nH]1,0
CCCCCC[C@@H]1CCc2cc([C@H]3CC[C@](N)(COP(=O)(O)O)C3)ccc2C1,0
C[C@H]1c2c(cc(F)c(-c3cccc4c(Cl)c[nH]c34)c2F)NC(C)(C)[C@@H]1OC(=O)Nc1ccc(C#N)cc1,0
CCn1c(-c2nonc2N)nc2c(C#CC(C)(C)O)ncc(OC[C@@H]3CCCNC3)c21,0
COc1ccccc1N1CCN(CCCCC(=O)NCc2ccccc2-c2ccc(C)cc2)CC1,0
CCCCCNC(=O)C(Cc1ccc(N(C(=O)C(=O)O)c2ccccc2C(=O)O)c(/C=C/C(N)=O)c1)NS(C)(=O)=O,0
CCN1CCN(C(N=O)c2ccc(C#C[C@]3(CN4Cc5ccc(OC)c(F)c5C4=O)NC(=O)NC3=O)cc2F)[C@@H](C)C1,0
CCCC(=O)c1cc(C#N)c(N2CCC(C(=O)NS(=O)(=O)C3(c4ccccc4)CC3)CC2)nc1SC,0
CCn1cc(-c2ccc3c(c2)CC/C3=N\O)c(-c2ccncc2)n1,0
C[C@@H]1CCC(=O)N1c1ccc2cc(NC(=O)C3C[C@@H]3F)ncc2c1,0
COc1ccc2c(c1CN1CCNCC1)O/C(=C\c1n[nH]c3ccccc13)C2=O,0
CCc1nn(Cc2c(C)cccc2Cl)c2cc(C(=O)O)cnc12,0
COc1c([C@@H](O)CC(C)C)ccc2c1C(=O)Oc1cc(C)cc(OC(=O)N3CC4CCC4C3)c1O2,0
Cc1ccc(S(=O)(=O)Nc2ccc(C)n(CC(=O)NCC3CCN(C(=N)N)CC3)c2=O)cc1,0
O=CNc1cc([C@@H](O)CNCCc2ccc(NC[C@H](O)c3ccccc3)cc2)ccc1O,0
OC(CNc1cc(-c2cccc(Cl)c2)ncn1)c1ccccc1,0
COc1ccc(C(SCCN)(c2ccccc2)c2ccccc2)cc1,0
COc1ccc2c(c1)C(=O)N(C[C@@]1(C#Cc3ccc(/C(=N/O)N4CCN(C)CC4)cc3)NC(=O)NC1=O)C2,0
CCOc1ccccc1C[C@H](c1ccccc1)N1CCNCC1,0
O=C(OCc1ccccc1)N1c2ccccc2C=Cc2ccccc21,0
CCOc1cc(C(=O)N2CC[C@]3(C=C(C(=O)O)CC3)Cc3ccccc32)ccc1NC(=O)c1cc(F)ccc1Cl,0
CCCn1nc(-c2ccc(C#N)cc2)c2c3cc(OC)c(OC)cc3ncc21,0
COc1cc2c(cc1OC)-c1c(-c3cnc(C(=O)N4CCOCC4)s3)ncn1CC2,0
Cc1nnc(C(=O)[C@@H]2CCCN2C(=O)CNC23CC4CC(CC(C4)C2)C3)o1,0
NC(=O)c1cccc(-c2ccc([C@H](N)Cc3cc(F)ccc3F)cc2)c1,0
Cc1cc(-c2ccc3c(O)cccc3c2)ccc1O,0
Cc1cc(C)c(S(=O)(=O)N[C@@H](C)CNc2cccc3c2cnn3-c2ccc(Cl)cc2)c(C)c1,0
CC(C)C[C@H](NC(=O)CC(O)C(CC1CCCCC1)NC(=O)[C@H](Cc1c[nH]cn1)NC(=O)[C@H](Cc1ccccc1)NC(=O)OC(C)(C)C)C(=O)NCc1cccc(OCC(=O)O)c1,0
O=C1NCC[C@@H]1NS(=O)(=O)c1ccccc1-c1ccc(-c2cnc3[nH]ccc3c2)c(F)c1,0
CCc1nc(-c2cccc(C)c2)c(-c2ccnc(NC3CCCC3)c2)s1,0
C[C@]12Cc3cnn(-c4ccc(F)cc4)c3C=C1CCC[C@@H]2[C@H](O)c1csc2ccccc12,0
N[C@@H](CC(=O)N1CCc2n[nH]c(C(F)(F)C(F)(F)F)c2C1)Cc1cc(F)ccc1F,0
Cn1cc(-c2cc3cnc(Nc4ccc(C(=O)N5CCC5)cc4Cl)cc3n2C(=O)OC(C)(C)C)cn1,0
Cl.NC(=O)Nc1cc(-c2ccccc2)sc1C(=O)N[C@H]1CCCNC1,0
Cc1ccc(-n2nccn2)c(C(=O)N2C[C@H](C#Cc3cccnc3)CC[C@H]2C)c1,0
CCN1CCN(Cc2ccc(NC(=O)Nc3ccc(Oc4cc(NC)ncn4)cc3)cc2C(F)(F)F)CC1,0
N#Cc1ccc(Cn2cncn2)cc1-c1cccc(Cl)c1,0
N#Cc1ccc2occc2c1,0
CS(=O)(=O)Nc1cc2c(cc1Sc1ccc(F)cc1)C(=O)CC2,0
COc1ccc(-n2cc3nc(-c4cccnc4C)n(C[C@H]4CCCN(C[C@H]5CCCO5)C4)c(=O)c3n2)cc1,0
CNC(=O)C(NC(=O)[C@H](CC(C)C)[C@H](O)C(=O)NO)C(C)(C)C,0
C[C@@H]1C(=O)O[C@H]2[C@H](O)[C@]34[C@@H]5C(=O)O[C@@]3(O[C@@H]3OC(=O)[C@H](O)[C@@]34[C@H](C(C)(C)C)[C@@H]5F)[C@@]12O,0
CNC(=O)c1cc(Oc2ccc3nc(N[C@@H]4CCCC[C@H]4O)sc3c2)ccn1,0
CC(=O)Nc1nnc(S(N)(=O)=O)s1,0
COc1ccc(-c2coc3c(c(O)cc4occ(-c5ccc(OC)c(OC)c5)c(=O)c43)c2=O)cc1OC,0
COc1ccc2nc(N=Nc3ccc(N(C)C)cc3)sc2c1,0
Cc1ccc(-c2cc(F)c(F)cc2-c2ccc(S(N)(=O)=O)cc2)nc1,0
CCS(=O)(=O)CCC12CCC(c3nnc(-c4ccc(O)cc4Cl)n3C)(CC1)CC2,0
O=C1NCCC12CCN(c1c(Cl)cncc1-c1ccc(-c3cnn(CCO)c3)cc1)CC2,0
CN1CCN(C2=Nc3ccccc3Oc3ccc(Cl)cc32)CC1,0
CC[C@H](NC(=O)[C@@H]1C[C@@H](S(=O)(=O)c2ccccc2C(F)(F)F)CN1C(=O)C1(c2ccc(Cl)cc2)CC1)C(=O)C(=O)NC1CC1,0
COC[C@@H]1CCN(c2ncc(Cl)c(N3CC[C@@H](Oc4ccc([C@H](C)NC(C)=O)cc4)C3)n2)C1,0
COC(=O)C1CCC(C(=O)N2CC[C@]3(C)c4cccc(O)c4C[C@@H]2C3(C)C)CC1,0
CC1=C2[C@H](C[C@]34[C@H]5C[C@@H](C(C)(C)C)[C@]36[C@@H](OC(=O)[C@@H]6O)O[C@]24OC5=O)OC1=O,0
CCCc1cccc(-c2cc(NC(=O)C3CNC(=O)C3C)nn2-c2ccccc2)c1,0
COc1cc2c(cc1OC)CN(Cc1ccc(OC)c3oc(C(=O)NCCN(C)C)cc13)CC2,0
NC(=O)c1nnc(N[C@@H]2CCCC[C@@H]2N)nc1Nc1cccc2[nH]ccc12,0
COc1ccc(COc2ccc(Cn3c(N)nc4cc(-c5cccnc5)cnc43)cc2OC)cn1,0
CCCN(CCC)c1cc(C)nc2c(-c3ncc(N)cc3C)c(C)nn12,0
COCCCC/C(=N\OCCN)c1ccc(C(F)(F)F)cc1,0
N[C@@H](CC(=O)N1CCN(C(=O)c2ccc(O)nc2)CC1)Cc1cc(F)c(F)cc1F,0
CCNC(=O)c1ccc2cc(C(O)(c3c[nH]cn3)C(C)C)ccc2c1,0
C[C@@H]1c2c(ccc(O)c2F)O[C@@H](c2ccc(OCCN3CCCCC3)cc2)[C@H]1c1ccc(O)cc1,0
CN[C@@H]1C[C@H]2O[C@@](C)([C@@H]1OC)n1c3ccccc3c3c4c(c5c6ccccc6n2c5c31)C(=O)NC4,0
C[C@H](NC(=O)[C@H](Cc1ccc(OCc2ccccc2)cc1)NC(=O)CCCCCNC(=O)CCCCCNC(=O)CCCCCNC(=O)CCCCCNC(=O)CCCCCNC(=O)CCCCC(=O)N[C@@H](Cc1ccc(OCc2ccccc2)cc1)C(=O)N[C@@H](C)C(=O)N[C@@H](C[C@]1(O)C(=O)Nc2ccccc21)C(=O)NCc1ccccc1)C(=O)N[C@@H](C[C@]1(O)C(=O)Nc2ccccc21)C(=O)NCc1ccccc1,0
COc1cc(N)c(Cl)cc1C(=O)OCCN1CCC(CCNC(=O)CCCCCC(=O)NCCC2CCN(CCOC(=O)c3cc(Cl)c(N)cc3OC)CC2)CC1,0
O=C(O)CC[C@@H]1CCN(C(=O)c2ccc(NC(=O)c3ccccc3-c3ccccc3)cc2)c2ccccc2S1,0
CCCCCCSc1nc(-c2ccc(C)cc2)nn1C(=O)N(C)C,0
CN1CCN(c2cccc3c2C[C@H](NC(=O)c2ccc(OC(F)(F)F)cc2)CO3)CC1,0
N=C(N)c1cccc(CC(NS(=O)(=O)c2cccc(-c3ccccc3Cl)c2)C(=O)N2CCC(CCN)CC2)c1,0
CN(C)Cc1cccc(N/C(=C2\C(=O)Nc3cc(C(N)=O)ccc32)c2ccccc2)c1,0
CC(=O)c1sc(NC(=O)N[C@@H]2CN(C(=O)C3CC3)CC[C@H]2CN2CCC[C@@H](Cc3ccc(F)cc3)C2)nc1C,0
NC(=O)c1cccc2[nH]c(-c3ccc4c(c3)OCO4)nc12,0
O=c1cc(-c2ccc(O)c(-c3c(O)cc(O)c4c(=O)cc(-c5ccc(O)cc5)oc34)c2)oc2cc(O)cc(O)c12,0
N[C@H]1CN(c2cc(-c3ccccc3F)ncn2)C[C@@H]1c1cc(F)c(F)cc1F,0
CCCCC/C=C\C/C=C\C=C\C=C\[C@@H](Sc1ccc(C(=O)O)cc1)[C@@H](O)CCCC(=O)O,0
O=C1CN(c2cccc(-c3n[nH]c([C@H]4CCCCN4C(=O)COc4ccccc4)n3)c2)C(=O)N1,0
Cc1c(Cl)ccc2c(/C=C3\NC(=O)N(C(C(=O)NC(CO)CO)c4ccc(F)c(F)c4)C3=O)c[nH]c12,0
CC(C)C[C@H](C=O)NC(=O)[C@@H](NS(=O)(=O)c1ccc2ccccc2c1)C(C)C,0
CCCn1c(=O)c2[nH]c(-c3ccc(OCC(=O)Nc4ccc(C(C)(C)C)cc4)cc3)cc2n(CCC)c1=O,0
CCCC[C@@H](NC(C)=O)C(=O)N[C@H]1CC(=O)NCCCC[C@@H](C(N)=O)N(C)C(=O)[C@H](Cc2c[nH]c3ccccc23)N(C)C(=O)[C@H](CCCNC(=N)N)N(C)C(=O)[C@@H](Cc2ccc3ccccc3c2)NC(=O)[C@H](Cc2cnc[nH]2)N(C)C1=O,0
CC1(C)Cc2ccccc2N1C(=O)CN1CCN(Cc2ccc(Cl)cc2)CC1,0
Cn1c(C(F)(F)F)nc2c1CN(C(=O)C[C@H](N)Cc1cc(F)ccc1F)CC2,0
Cc1cccc(C(=O)Nc2ccc(C(=O)N3CCC4(C=CCCC4)Cc4ccccc43)cc2)c1,0
CC(C)Cc1c(C(=O)C(N)=O)c2c(OCC(=O)O)cc3ccccc3c2n1Cc1ccccc1,0
COc1cc(NC(=O)c2ccccn2)ccc1F,0
Cc1c(C(=O)c2cccc3ccccc23)c2cccc3c2n1[C@H](CN1CCOCC1)CO3,0
CC(C)Cc1ccc(C(C)C(=O)O)cc1,0
COc1ccc2c(c1)OC(c1ccccc1)/C(=C\c1ccncc1)C2=O,0
Oc1ccc2c(c1)[C@@]13CCCC[C@H]1[C@@H](C2)N(CCCN1CC[C@]24CCCC[C@H]2[C@H]1Cc1ccc(O)cc14)CC3,0
O=C(NC1(C(=O)N[C@H](Cc2ccccc2)C(=O)NCCC(=O)N2CCC(N3CCOCC3)CC2)CCCC1)c1cc2ccccc2s1,0
C[C@@H](OCc1cc(F)cc(-c2cc(NC(=O)[C@@H]3CNC(=O)C3)nn2-c2ccccc2)c1)C(F)(F)F,0
O=C(N[C@@H]1CNC[C@H]1OC(=O)c1cc(O)c(C(=O)c2c(O)cccc2C(=O)O)c(O)c1)c1ccc(O)cc1,0
COC(=O)Cc1ccc(CNC(=O)[C@@H]2CCCN2C(=O)CC(N)Cc2ccccc2F)cc1.O=C(O)C(F)(F)F,0
CCNC(=O)C1CC(F)(c2ccc(CN3CCCC3)c(F)c2)C1,0
Cc1cc(C(=O)Nc2cc(Oc3ccc4nc(NC(=O)C5CC5)cn4n3)ccc2C)n(C)n1,0
C=CC(=O)Nc1ccccc1Nc1nc(NC2CCOCC2)ncc1Cl,0
Cc1ccc([C@H]2C[C@H]3CSC(N)=N[C@@]3(c3ccc(F)cc3F)CO2)cn1,0
CC(C)(Cc1ccc(C(=O)Oc2ccc(C(=N)N)cc2F)s1)C(=O)Nc1cc(O)cc(C(=O)O)c1,0
COc1ccc(S(=O)(=O)N(Cc2cccnc2)[C@@H](C(=O)NO)C(C)C)cc1.Cl,0
O=C(c1cccc(C(F)(F)F)c1)C1CCCN(C(=O)c2cc(C3CC3)[nH]n2)C1,0
COC(=O)[C@@H]1[C@H]2CC[C@H](C[C@H]1c1ccc(I)cc1)N2,0
CC(=O)OC[C@H]1O[C@@H](S(=O)(=O)Cc2nnn(-c3ccc(S(N)(=O)=O)cc3)c2I)[C@H](OC(C)=O)[C@@H](OC(C)=O)[C@@H]1O[C@H]1O[C@H](COC(C)=O)[C@@H](OC(C)=O)[C@H](OC(C)=O)[C@H]1OC(C)=O,0
CC[C@H](C[C@H](O)[C@@H](N)CN1CC(=O)N(c2ccccc2Cl)CC1(C)C)C(=O)NC1C2CC3CC1CC(C(N)=O)(C3)C2.O=C(O)/C=C/C(=O)O,0
Cc1ccccc1S(=O)(=O)NC(=O)NCCc1ccc(S(N)(=O)=O)cc1,0
CCS(=O)(=O)Nc1cc(Cl)cc(-c2[nH]c(C(C)(C)C)nc2-c2ccnc(NC[C@H](C)NC(=O)OC)n2)c1,0
COc1ccc(C(F)(F)F)cc1NC(=O)c1ccc(C)c(Nc2ncnc3cnc(N(C)CCN(C)C)nc23)c1,0
C[C@H](NC(=O)C(=O)Nc1ccccc1C(C)(C)C)C(=O)N[C@@H](CC(=O)O)C(=O)COc1c(F)c(F)cc(F)c1F,0
Cc1c([C@@H](O)CN2CCCCC2CNCC(O)c2ccc(C#N)cn2)ccc2c1COC2=O,0
O=C(COc1ccccc1)N[C@H]1COC(=O)CCC[C@H](CN2CCOCC2)OC(=O)[C@H](O)[C@H](CC2CCCCC2)NC1=O,0
O=C(c1cccc2ccccc12)c1cn(CCCCCF)c2ccccc12,0
COc1ccc(NC(=O)N[C@@H](Cc2c[nH]c3ccccc23)C(=O)NCC2(c3ccc(OC)cn3)CCCCC2)cc1,0
CCO[C@H]1CN(c2ccc(-c3cc(-c4cccc(Br)c4)c4c(N)ncnc4n3)nn2)C[C@H]1OCC,0
CNC(=N)NCCC[C@H](NC(=O)[C@H](CC(C)C)NC(=O)NNC(=O)[C@H](Cc1ccccc1)NC(=O)[C@H](CO)NC(=O)[C@H](CC(N)=O)NC(=O)[C@@H](Cc1ccncc1)NC(=O)[C@H](N)Cc1ccc(O)cc1)C(=O)N[C@@H](Cc1ccccc1)C(N)=O,0
Cc1cccc(-c2c(C)n(Cc3c(F)cccc3F)c(=O)n(C[C@H](N)c3ccccc3)c2=O)c1F,0
C[C@@H](Nc1ncc(C(=O)NO)cn1)c1ccccc1,0
O=C1C(Cc2c[nH]c3ccccc23)NCCC12CCN(c1nccc(-n3cccn3)n1)CC2,0
CN(CC1CCOCC1)C1CCN(c2nc3ccccc3n2Cc2ccc(F)cc2)CC1,0
CNC(=O)c1ccc2c(c1)nc(-c1ccccc1SC)n2[C@@H]1CCC[C@H](NC(=O)c2ccc(Br)s2)C1,0
Cc1nc(SCC(=O)c2ccc(Cl)c(S(N)(=O)=O)c2)[nH]c(=O)c1Cc1ccccc1,0
CCOC(=O)CC(NC(=O)c1cccc(COc2cc(O)c(C(C)=O)cc2CC)c1)C(=O)OCC,0
CCCCC/C=C\C/C=C\C/C=C\C/C=C\CCC(C)C(=O)NCCO,0
CCN1CCN(Cc2ccc(C#C[C@]3(CN4Cc5ccc(OC)cc5C4=O)NC(=O)NC3=O)cc2)CC1,0
CC1CN(C(=O)Oc2ccc(Oc3ccc(C(F)(F)F)cn3)cc2)CC(C)O1,0
O[C@@H](COc1ccccc1[C@H](O)CCc1ccccc1)CN1CCN(c2ccc(F)cc2)CC1,0
O[C@](Cc1ccccc1Br)(c1ccccc1)[C@@H]1CNCCO1,0
CCCC[C@H](NC(=O)CCc1ccc(OS(=O)(=O)O)cc1)C(=O)NCC(=O)N[C@@H](Cc1c[nH]c2ccccc12)C(=O)N(C)[C@@H](CC(C)C)C(=O)N[C@@H](CC(=O)O)C(=O)N[C@@H](Cc1ccccc1)C(N)=O,0
Cc1cc(OCF)cnc1C(=O)Nc1ccc(F)c([C@]2(C(F)F)COCC(N)=N2)c1,0
CN[C@@H](C)C(=O)N[C@H]1CN(C(C)=O)c2ccccc2N(Cc2c(OC)ccc3cc(Br)ccc23)C1=O.Cl,0
NC(N)=Nc1ncc(Cl)c2ccc(S(=O)(=O)NC3(C(=O)O)CCC3)cc12,0
CCCCCc1ccc(-c2cn(-c3ccc(S(N)(=O)=O)cc3)nn2)cc1,0
C#CC[NH+](C)CC(=C)c1ccc(F)c(Cl)c1.O=C([O-])C(=O)O,0
Cc1cccc(-c2sc(C)nc2C(=O)N2CCC2CNC(=O)c2c(N)nc3sccn23)c1,0
CCN(CC)C(=O)c1ccc(C(=O)NC)c(NC(=O)c2nc(C(C)(C)C)ncc2Nc2cncnc2)c1,0
Cc1cc(N2CCN(C)CC2)cc2[nH]c(-c3c(NC[C@@H](O)c4cccc(Cl)c4)cc[nH]c3=O)nc12,0
NS(=O)(=O)c1ccc(N2C(=O)c3c(Cl)c(Cl)c(Cl)c(Cl)c3C2=O)cc1,0
O=C(c1ccc([N+](=O)[O-])cc1)N1c2ccccc2Sc2ccccc21,0
Cc1cccc(C)c1Nc1ncc(C(=O)N(C)CCCCCCC(=O)NO)cn1,0
C[C@H]1CN(c2cccc3nc(-c4nc(-c5cccc(C(=O)N(C)C)c5)cnc4N)n(C)c23)CCN1,0
C[C@@H]1c2c(ccc(O)c2F)O[C@@H](c2ccc(OC[C@H](C)N3CCC[C@H]3C)cc2)[C@H]1c1ccc(O)cc1,0
COc1ccc(NC(=O)Nc2ccc(/C=C/C(=O)NO)cc2)cc1OC,0
NS(=O)(=O)c1ccc(N[C@@H]2O[C@H](CO)[C@H](O)[C@H](O)[C@H]2O)cc1,0
Cc1nc2nc(-c3ccc(Cl)cc3)cn2c(-c2ccc(Cl)cc2Cl)c1CN,0
Cc1ccccc1S[C@@H](c1ccccc1)[C@@H]1CNCCO1,0
CC(Cc1cccc(C(F)(F)F)c1)NCCCc1ccccc1,0
CCCn1c(=O)c2[nH]c(-c3ccc(OC(C)C(=O)Nc4ccc(OC)cc4)cc3)cc2n(CCC)c1=O,0
CC(/C=C/CCC(=O)O[C@@H]1[C@@H](O)C2(CCCCC(C)Cc3ccccc3)OC(C(=O)O)C(O)(C(=O)O)C1(C(=O)O)O2)CCCc1ccccc1,0
CCCC1CNC(=O)C12CCN(C1(c3cccs3)CCCCC1)CC2,0
