SMILES,SMILES_stand,Label
C1(N2CCN(CC2)CC3=CC=CC4=CC=CC=C34)=NC=CC=C1,c1ccc(N2CCN(Cc3cccc4ccccc34)CC2)nc1,0
OC1=CC(C(C(CC)NC2CCCC2)O)=CC=C1O,CCC(NC1CCCC1)C(O)c1ccc(O)c(O)c1,1
O[C@H](C1=CC(O)=CC(O)=C1)CN[C@@H](C)CC2=CC=C(C3=CC=CC=C32)OC,COc1ccc(CC(C)NCC(O)c2cc(O)cc(O)c2)c2ccccc12,0
OC1=CC(CCN(CC2CCC2)CCC3=CC=CC=C3)=CC=C1,Oc1cccc(CCN(CCc2ccccc2)CC2CCC2)c1,0
O=C(CC1)NC2=C1C=CC(OCC(CC3)CCC3CN4CCN(CC4)C5=C(Cl)C(Cl)=CC=C5)=C2,O=C1CCc2ccc(OCC3CCC(CN4CCN(c5cccc(Cl)c5Cl)CC4)CC3)cc2N1,1
ClC1=C(C=CC=C1N2CCN(CCCCOC3=CN=C4NC(CCC4=C3)=O)CC2)Cl,O=C1CCc2cc(OCCCCN3CCN(c4cccc(Cl)c4Cl)CC3)cnc2N1,1
O=C(N[C@@H](CCCNC(N)=N)C(N[C@@H](C(C)C)C(N[C@@H](CC1=CC=C(C=C1)O)C(N[C@@H]([C@@H](C)CC)C(N[C@@H](CC2=CNC=N2)C(N3[C@@H](CCC3)C(N[C@@H](CC4=CC=CC=C4)C(O)=O)=O)=O)=O)=O)=O)=O)CNC,CCC(C)C(NC(=O)C(Cc1ccc(O)cc1)NC(=O)C(NC(=O)C(CCCNC(=N)N)NC(=O)CNC)C(C)C)C(=O)NC(Cc1c[nH]cn1)C(=O)N1CCCC1C(=O)NC(Cc1ccccc1)C(=O)O,1
O=C([C@H]1CN(C)[C@H]2[C@H](C1)C3=CC=CC4=C3C(C2)=CN4)N[C@](C(N5[C@H]6CC7=CC=CC=C7)=O)(C)O[C@@]5(O)[C@H](CCC8)N8C6=O,CN1CC(C(=O)NC2(C)OC3(O)C4CCCN4C(=O)C(Cc4ccccc4)N3C2=O)CC2c3cccc4[nH]cc(c34)CC21,1
ClC1=CC(N2N=C(C)C=C2)=CC=C1C(N3C4=CC=CC=C4C(CCC3)O)=O,Cc1ccn(-c2ccc(C(=O)N3CCCC(O)c4ccccc43)c(Cl)c2)n1,0
ClC1=CC=C(CN=C(NC2CCCCC2)SCCCC3=CNC=N3)C=C1,Clc1ccc(CN=C(NC2CCCCC2)SCCCc2c[nH]cn2)cc1,1
O=C([C@H](C12)CC=CC2CCN(C3=CC=CC=C3)C1=O)NC4=CC=C(Br)C(C(F)(F)F)=C4,O=C(Nc1ccc(Br)c(C(F)(F)F)c1)C1CC=CC2CCN(c3ccccc3)C(=O)C21,0
ClC1=C(CCN(C)CC2C3=CC(C)=CC=C3)C2=CC(O)=C1O,Cc1cccc(C2CN(C)CCc3c2cc(O)c(O)c3Cl)c1,0
O=C([C@H]1[C@@](C2)(C)[C@@H]3[C@](CC1)(C)[C@@H](C[C@@H](C3=O)OC(C)=O)C(OC)=O)O[C@@H]2C4=COC=C4,COC(=O)C1CC(OC(C)=O)C(=O)C2C1(C)CCC1C(=O)OC(c3ccoc3)CC12C,1
OC(C=C1)=CC=C1OC[C@H](CNCCNC(N2CC(C2)O)=O)O,O=C(NCCNCC(O)COc1ccc(O)cc1)N1CC(O)C1,0
OC1=CC=C(C[C@@H](C(N2[C@@H](CCC2)C(N[C@@H](CCCCN)C(O)=O)=O)=O)NC([C@H](CCCCN)NC([C@H](CCC/N=C(N)N)NC([C@H](CC(C)C)NC([C@H](CC3=CC=CC=C3)NC(CNC(CNC([C@H](CC4=CC=C(C=C4)O)N)=O)=O)=O)=O)=O)=O)=O)C=C1,CC(C)CC(NC(=O)C(Cc1ccccc1)NC(=O)CNC(=O)CNC(=O)C(N)Cc1ccc(O)cc1)C(=O)NC(CCCN=C(N)N)C(=O)NC(CCCCN)C(=O)NC(Cc1ccc(O)cc1)C(=O)N1CCCC1C(=O)NC(CCCCN)C(=O)O,0
IC1=CC=C(NC2=C3N=CN([C@@H]4O[C@H](CO)[C@H]([C@H]4O)O)C3=NC=N2)C=C1,OCC1OC(n2cnc3c(Nc4ccc(I)cc4)ncnc32)C(O)C1O,0
O=C([C@H]1[C@@](C2)(C)[C@@H]3[C@](CC1)(C)[C@@H](C[C@@H](C3=O)OC(C4=CC=CC=C4)=O)C(OC)=O)O[C@@H]2C5=COC=C5,COC(=O)C1CC(OC(=O)c2ccccc2)C(=O)C2C1(C)CCC1C(=O)OC(c3ccoc3)CC12C,0
O=C(N[C@@H](CCCNC(N)=N)C(N[C@@H](C(C)C)C(N[C@@H](CC1=CC=C(C=C1)O)C(N[C@@H](C(C)C)C(N[C@@H](CC2=CNC=N2)C(N3[C@@H](CCC3)C(N[C@@H](C)C(O)=O)=O)=O)=O)=O)=O)=O)CNC,CNCC(=O)NC(CCCNC(=N)N)C(=O)NC(C(=O)NC(Cc1ccc(O)cc1)C(=O)NC(C(=O)NC(Cc1c[nH]cn1)C(=O)N1CCCC1C(=O)NC(C)C(=O)O)C(C)C)C(C)C,1
COC1=C(CCCC2CCCN3CCN(C4=NC=CC=C4)CC3)C2=CC=C1,COc1cccc2c1CCCC2CCCN1CCN(c2ccccn2)CC1,0
CC(NC1=CC=CC=C12)=C2CN(CC3)CCN3C4=NC=CC=C4,Cc1[nH]c2ccccc2c1CN1CCN(c2ccccn2)CC1,0
BrC1=CC=C(CSC2=NN=C(C3=NC=CC=C3)N2CC4=CC=CO4)C=C1,Brc1ccc(CSc2nnc(-c3ccccn3)n2Cc2ccco2)cc1,0
CC1=CC=C(C(CN2C(NC(C3=CC=CC=C3)(C2=O)C4=CC=CC=C4)=O)=O)S1,Cc1ccc(C(=O)CN2C(=O)NC(c3ccccc3)(c3ccccc3)C2=O)s1,0
ClC1=C(C=CC=C1N2CCN(CCCCOC3=CC=C4SC(C)=NC4=C3)CC2)Cl,Cc1nc2cc(OCCCCN3CCN(c4cccc(Cl)c4Cl)CC3)ccc2s1,0
ClC1=C(Cl)C=C(N(C(N2)=O)C3CCN(CC3)C(C)C4=C(F)C=C(Cl)C=C4)C2=C1,CC(c1ccc(Cl)cc1F)N1CCC(n2c(=O)[nH]c3cc(Cl)c(Cl)cc32)CC1,0
O=C1NC2=C(C=C1)C(C(CO)NC(C)C)=CC=C2O,CC(C)NC(CO)c1ccc(O)c2[nH]c(=O)ccc12,1
ClC1=CC=C2N=C(C(N3CCN(C)CC3)=O)NC2=C1,CN1CCN(C(=O)c2nc3ccc(Cl)cc3[nH]2)CC1,1
O=C([C@H]1CN(C)[C@H]2C(C3=C4C(NC=C4C2)=CC=C3)=C1)N[C@@H](CC)CO,CCC(CO)NC(=O)C1C=C2c3cccc4[nH]cc(c34)CC2N(C)C1,1
O=C([C@@H](CC1=CNC2=CC=CC=C21)NC(C(C)(C)N)=O)N[C@H](CC3=CNC4=CC=CC=C43)NC=O,CC(C)(N)C(=O)NC(Cc1c[nH]c2ccccc12)C(=O)NC(Cc1c[nH]c2ccccc12)NC=O,0
OC1=C2C(OC(C)(C)[C@H]3[C@H]2CC(C)=CC3)=CC(C(C)(C)C4=CC=CC=C4)=C1,CC1=CCC2C(C1)c1c(O)cc(C(C)(C)c3ccccc3)cc1OC2(C)C,0
BrC1=CC=C(CSC2=NN=C(C3=NC=CC=C3)N2CC4=CC=CN=C4)C=C1,Brc1ccc(CSc2nnc(-c3ccccn3)n2Cc2cccnc2)cc1,0
ClC1=C(C(OC)=CC=C1CC2NCCC3=C2NC4=CC=C(C)C=C43)OC,COc1ccc(CC2NCCc3c2[nH]c2ccc(C)cc32)c(Cl)c1OC,0
O=C(N[C@@H](CCCNC(N)=N)C(N[C@@H](C(C)C)C(N[C@@H](CC1=CC=C(C=C1)O)C(N[C@@H]([C@@H](C)CC)C(N[C@@H](CC2=CNC=N2)C(N3[C@@H](CCC3)C(N[C@H](C)C(O)=O)=O)=O)=O)=O)=O)=O)CNC,CCC(C)C(NC(=O)C(Cc1ccc(O)cc1)NC(=O)C(NC(=O)C(CCCNC(=N)N)NC(=O)CNC)C(C)C)C(=O)NC(Cc1c[nH]cn1)C(=O)N1CCCC1C(=O)NC(C)C(=O)O,1
OC1=CC=CC2=C1CC(N(CCC)CCC)CC2,CCCN(CCC)C1CCc2cccc(O)c2C1,0
OC1=CC=C(C[C@@H](C(N[C@H](C(N[C@@H](CC2=CNC=N2)C(N3[C@@H](CCC3)C(NCC(O)=O)=O)=O)=O)[C@@H](C)CC)=O)NC([C@H](C(C)C)NC([C@H](CCCNC(N)=N)NC([C@H](CC(O)=O)N)=O)=O)=O)C=C1,CCC(C)C(NC(=O)C(Cc1ccc(O)cc1)NC(=O)C(NC(=O)C(CCCNC(=N)N)NC(=O)C(N)CC(=O)O)C(C)C)C(=O)NC(Cc1c[nH]cn1)C(=O)N1CCCC1C(=O)NCC(=O)O,0
O=C(C[C@H](CNCC(N1[C@H]2CCC1)=O)CCCCN)[C@@H](C/C=CC[C@@H](C(O)=O)NC2=O)NC([C@H](CO)NC([C@H](CC(C)C)NC([C@H](CCCNC(N)=N)NC([C@H]3N(C([C@H](CCCNC(N)=N)N)=O)CCC3)=O)=O)=O)=O,CC(C)CC(NC(=O)C(CCCNC(=N)N)NC(=O)C1CCCN1C(=O)C(N)CCCNC(=N)N)C(=O)NC(CO)C(=O)NC1CC=CCC(C(=O)O)NC(=O)C2CCCN2C(=O)CNCC(CCCCN)CC1=O,0
C[N+](C)(C)CCCCCCCC[N+](C)(C)CC#CCOC1=NOCC1,C[N+](C)(C)CCCCCCCC[N+](C)(C)CC#CCOC1=NOCC1,0
CN(CC1)CCN1C(C(OC2)=C3NC2=O)=CC=C3O,CN1CCN(c2ccc(O)c3c2OCC(=O)N3)CC1,1
CC1=C(N2C(C=N1)=NC=C2)C3=CC=C(C(C)=C3C)OC4=NC=CC5=C4C=CO5,Cc1ncc2nccn2c1-c1ccc(Oc2nccc3occc23)c(C)c1C,0
BrC1=CC=C(CN2CCC(CC2)N3C(NC4=C(C(Cl)=CC(Cl)=C34)Cl)=O)C(F)=C1,O=c1[nH]c2c(Cl)c(Cl)cc(Cl)c2n1C1CCN(Cc2ccc(Br)cc2F)CC1,0
FC1=C(C2=CC=C1)NC=C2CC3=CNC4=C3C=CC=C4F,Fc1cccc2c(Cc3c[nH]c4c(F)cccc34)c[nH]c12,0
OC(CNC(C)C)COC1=CC=CC2=CC=CC=C12,CC(C)NCC(O)COc1cccc2ccccc12,1
N[C@@H](CCCNC(N)=N)C(N1CCC[C@H]1C(N[C@@H](CCCNC(N)=N)C(N[C@@H](CC(C)C)C(N[C@@H](CO)C(N[C@H](C/C=C/C[C@H](N)C(C2CN[C@@](C(N[C@H](CC3=CC=C(OCC4=CC=CC=C4)C=C3)C(O)=O)=O)([H])C2)=O)C(CNCC(C)=C)=O)=O)=O)=O)=O)=O,C=C(C)CNCC(=O)C(CC=CCC(N)C(=O)C1CNC(C(=O)NC(Cc2ccc(OCc3ccccc3)cc2)C(=O)O)C1)NC(=O)C(CO)NC(=O)C(CC(C)C)NC(=O)C(CCCNC(=N)N)NC(=O)C1CCCN1C(=O)C(N)CCCNC(=N)N,0
O=C(O)C1=CSC([C@@H]2O[C@@H]3[C@H](CC2)[C@@H](CCOC4=CC=CC=C4)[C@@H](C3)O)=N1,O=C(O)c1csc(C2CCC3C(CC(O)C3CCOc3ccccc3)O2)n1,0
COC1=CC(CCCCN2CCN(CC2)C3=NC=CC=C3)=CC=C1,COc1cccc(CCCCN2CCN(c3ccccn3)CC2)c1,0
N#CNC(NCCSC1=CC=CC=C1)=NCCCCC2=CN=CN2,N#CNC(=NCCCCc1cnc[nH]1)NCCSc1ccccc1,0
C[N+](C)(C)CCC1=CC=C2C(OCC2)=C1,C[N+](C)(C)CCc1ccc2c(c1)OCC2,1
ClC1=CC(CN2CCN(CC2)C3=NC=CC=N3)=C(O)C4=CC=CC=C14,Oc1c(CN2CCN(c3ncccn3)CC2)cc(Cl)c2ccccc12,0
O=C1N2C3=C(C[C@H](C2)N(C)CCCCNC(C4=CC5=CC=CC=C5N4)=O)C=CC=C3N1,CN(CCCCNC(=O)c1cc2ccccc2[nH]1)C1Cc2cccc3[nH]c(=O)n(c23)C1,0
ClC1=CC=C2C(NC=C2CC3=CNC4=C3C=CC(Cl)=C4)=C1,Clc1ccc2c(Cc3c[nH]c4cc(Cl)ccc34)c[nH]c2c1,1
O=C([C@@H](CC1=CNC2=CC=CC=C21)NC([C@H](CC3=CNC=N3)N)=O)N[C@H](CCCCN)C(N[C@@H](CC4=CNC5=CC=CC=C54)C(N[C@H](CC6=CC=CC=C6)C(N[C@@H](CCCCN)C(N)=O)=O)=O)=O,NCCCCC(NC(=O)C(Cc1ccccc1)NC(=O)C(Cc1c[nH]c2ccccc12)NC(=O)C(CCCCN)NC(=O)C(Cc1c[nH]c2ccccc12)NC(=O)C(N)Cc1c[nH]cn1)C(N)=O,1
O[C@]1(CCN2[C@H]3C[C@H](C(C(OC)=O)=COC)[C@H](CC)C2)C3=NC4=C1C(OC)=CC=C4,CCC1CN2CCC3(O)C(=Nc4cccc(OC)c43)C2CC1C(=COC)C(=O)OC,0
O=C([C@H]1N(CC2=CC=CC=C2C1)C(CCC(C3=CC=CC=C3)=O)=O)N[C@@H](CCCCN)C(NCC(C4=CC=CC=C4)C5=CC=CC=C5)=O,NCCCCC(NC(=O)C1Cc2ccccc2CN1C(=O)CCC(=O)c1ccccc1)C(=O)NCC(c1ccccc1)c1ccccc1,1
O[C@@H](C1=CC(O)=CC(O)=C1)CN[C@@H](C)CC2=CC=C(C=C2)OC,COc1ccc(CC(C)NCC(O)c2cc(O)cc(O)c2)cc1,0
O=C(O)C1=CSC([C@@H]2O[C@@H]3[C@H](CC2)[C@H](COC4=CC=C(C)C=C4)[C@@H](C3)O)=N1,Cc1ccc(OCC2C(O)CC3OC(c4nc(C(=O)O)cs4)CCC32)cc1,0
O/N=C/C1=C2C=C(C=CN2N=C1)OCCCCN3CCN(CC3)C4=CC=CC(Cl)=C4Cl,ON=Cc1cnn2ccc(OCCCCN3CCN(c4cccc(Cl)c4Cl)CC3)cc12,0
O=C(C(C12)CCCC2CCN(CC3=CC=CC=C3F)C1=O)NC4=CC=C(C)C(C(F)(F)F)=C4,Cc1ccc(NC(=O)C2CCCC3CCN(Cc4ccccc4F)C(=O)C32)cc1C(F)(F)F,0
ClC1=CC=CC2=C1CN(CC2)CC[C@@H]3CC[C@@H](NC(N(C)C)=O)CC3,CN(C)C(=O)NC1CCC(CCN2CCc3cccc(Cl)c3C2)CC1,0
O=S(CCCOC1=CC(C)=C(C2=CC=CC(COC3=CC=C4[C@H](CC(O)=O)COC4=C3)=C2)C(C)=C1)(C)=O,Cc1cc(OCCCS(C)(=O)=O)cc(C)c1-c1cccc(COc2ccc3c(c2)OCC3CC(=O)O)c1,1
O=C(C1=CC=C(SC=N2)C2=C1)NCCCCN(C)[C@H]3CN(C(N4)=O)C5=C4C=CC=C5C3,CN(CCCCNC(=O)c1ccc2scnc2c1)C1Cc2cccc3[nH]c(=O)n(c23)C1,0
ClC1=C(C=C2NC(N(C3CCN(CC3)CC4=CC=C(Cl)C=C4F)C2=C1)=O)Cl,O=c1[nH]c2cc(Cl)c(Cl)cc2n1C1CCN(Cc2ccc(Cl)cc2F)CC1,1
O=C1NC2=C(C=C1)C(C(CO)NC(C)(C)C)=CC=C2O,CC(C)(C)NC(CO)c1ccc(O)c2[nH]c(=O)ccc12,1
ClC1=C(Cl)C=C(N(C(N2)=O)C3CCN(CC3)C([H])C4=CC=C(Br)C=C4)C2=C1,O=c1[nH]c2cc(Cl)c(Cl)cc2n1C1CCN(Cc2ccc(Br)cc2)CC1,0
OC1=C(CN2CCN(CC2)C3=NC=CC=C3NC)C=C(C(C)(C)C)C=C1O,CNc1cccnc1N1CCN(Cc2cc(C(C)(C)C)cc(O)c2O)CC1,0
NC1=C(C#N)C(C2=CC=C(OCC3CC3)C=C2)=C(C#N)C(SCC(N)=O)=N1,N#Cc1c(N)nc(SCC(N)=O)c(C#N)c1-c1ccc(OCC2CC2)cc1,0
ClC1=CC=C(C2=C1)OC3=C(C2C(N[C@H]4CC[N@@+](CC)(CC4)C/C5=C/CCCCCC5)=O)C=C(Cl)C=C3,CC[N+]1(CC2=CCCCCCC2)CCC(NC(=O)C2c3cc(Cl)ccc3Oc3ccc(Cl)cc32)CC1,0
NC1=CN=C(C)C(C2=CC=C(C=C2C)OC3=NC=CC4=C3C=CO4)=C1,Cc1cc(Oc2nccc3occc23)ccc1-c1cc(N)cnc1C,0
O=S(N[C@@H](CC1=CNC2=CC=CC=C21)C(O)=O)(C3=CC=C(C)C=C3)=O,Cc1ccc(S(=O)(=O)NC(Cc2c[nH]c3ccccc23)C(=O)O)cc1,0
FC1=CC=C(C2(CCNCC3=CC=CC=C3O)CC(C)(C)OCC2)C=C1,CC1(C)CC(CCNCc2ccccc2O)(c2ccc(F)cc2)CCO1,0
OC1=CC=C(C[C@@H](C(N2[C@@H](CCC2)C(N[C@@H](CC3=CC=CC=C3)C(N[C@@H](CC4=CC=CC=C4)C(N)=O)=O)=O)=O)N)C=C1,NC(=O)C(Cc1ccccc1)NC(=O)C(Cc1ccccc1)NC(=O)C1CCCN1C(=O)C(N)Cc1ccc(O)cc1,1
O=C(C1=CC=CC2=CC=CC(C3=O)=C12)N3CC(C)(C)C[N+](C)(C)CCCCCCCC[N+](C)(C)CC#CCOC4=NOCC4,CC(C)(CN1C(=O)c2cccc3cccc(c23)C1=O)C[N+](C)(C)CCCCCCCC[N+](C)(C)CC#CCOC1=NOCC1,0
ClC1=CC=C(C=C1)C2=NOC3=C2CCNCC3,Clc1ccc(-c2noc3c2CCNCC3)cc1,1
ClC1=CC=CC=C1CN=C(N)SCCCC2=CN=CN2,NC(=NCc1ccccc1Cl)SCCCc1cnc[nH]1,1
ClC1=C(C=CC=C1N2CCN(CCCCOC3=CC=C4C=NNC4=C3)CC2)Cl,Clc1cccc(N2CCN(CCCCOc3ccc4cn[nH]c4c3)CC2)c1Cl,1
OC1=C(C2=CC=CC3=C2[C@@H](C4)N(C)CC3)C4=CC=C1O,CN1CCc2cccc3c2C1Cc1ccc(O)c(O)c1-3,0
O=C(C[C@H](CNCC(N1[C@H]2CCC1)=O)CCCCN)[C@@H](C/C=CC[C@@H](C(OC([C@@H](N)CC3=CC=CC=C3)=O)=O)NC2=O)NC([C@H](CO)NC([C@H](CC(C)C)NC([C@H](CCCNC(N)=N)NC([C@H]4N(C([C@H](CCCNC(N)=N)N)=O)CCC4)=O)=O)=O)=O,CC(C)CC(NC(=O)C(CCCNC(=N)N)NC(=O)C1CCCN1C(=O)C(N)CCCNC(=N)N)C(=O)NC(CO)C(=O)NC1CC=CCC(C(=O)OC(=O)C(N)Cc2ccccc2)NC(=O)C2CCCN2C(=O)CNCC(CCCCN)CC1=O,0
ClC1=CC(CN=C(NC2CCCCC2)SCCCC3=CNC=N3)=CC=C1Cl,Clc1ccc(CN=C(NC2CCCCC2)SCCCc2c[nH]cn2)cc1Cl,0
ClC1=CC(CN2CCN(CC2)C3=NC=CC=C3)=C(O)C4=NC=CC=C14,Oc1c(CN2CCN(c3ccccn3)CC2)cc(Cl)c2cccnc12,0
OC1=CC=C(C[C@H]2N(C)CC[C@]34[C@H]2CCCC4)C3=C1,CN1CCC23CCCCC2C1Cc1ccc(O)cc13,0
NOCCCC(C(NC(CC1=CC=CC=C1)C(N)=O)=O)NC(CCN2C(C(CC3=CC=CC=C3C2)NC(C(CCCNC(N)=N)NC(C(CC4=C(C)C=C(O)C=C4C)N)=O)=O)=O)=O,Cc1cc(O)cc(C)c1CC(N)C(=O)NC(CCCNC(=N)N)C(=O)NC1Cc2ccccc2CN(CCC(=O)NC(CCCON)C(=O)NC(Cc2ccccc2)C(N)=O)C1=O,0
O=C(O)C1=CSC([C@@H]2O[C@@H]3[C@H](CC2)[C@H](COC4=CC=CC(F)=C4)[C@@H](C3)O)=N1,O=C(O)c1csc(C2CCC3C(CC(O)C3COc3cccc(F)c3)O2)n1,0
CCCN([C@@H]1CC(C=CC=C2O)=C2CC1)CCCCOC(C=C3)=CN4C3=C(C([H])=NO)C=N4,CCCN(CCCCOc1ccc2c(C=NO)cnn2c1)C1CCc2c(O)cccc2C1,1
CCCC(C1=CNC2=CC=CC=C21)C3=CNC4=C3C=CC=C4,CCCC(c1c[nH]c2ccccc12)c1c[nH]c2ccccc12,1
O=C(C1=CC=CC2=CC=CC=C12)C3=C(C)N4C5=C3C=CC=C5OC[C@H]4CN6CCOCC6,Cc1c(C(=O)c2cccc3ccccc23)c2cccc3c2n1C(CN1CCOCC1)CO3,0
C1(CCCN2N=NC(CC3CCCCC3)=C2)=CNC=N1,c1nc(CCCn2cc(CC3CCCCC3)nn2)c[nH]1,0
BrC1=CC=CC=C1CN2CCN(CC2)C3=NC=CC=C3,Brc1ccccc1CN1CCN(c2ccccn2)CC1,0
ClC1=C(C=CC=C1N2CCN(CCCCOC3=CC=C4N=CSC4=C3)CC2)Cl,Clc1cccc(N2CCN(CCCCOc3ccc4ncsc4c3)CC2)c1Cl,1
OC1=CC(C)=C(CC(C(NC2C(NC(CC3=CC=CC=C3)C(NC(CC(NCCCC2)=O)C(N)=O)=O)=O)=O)N)C(C)=C1,Cc1cc(O)cc(C)c1CC(N)C(=O)NC1CCCCNC(=O)CC(C(N)=O)NC(=O)C(Cc2ccccc2)NC1=O,1
OC1=CC(O)=CC([C@@H](CN[C@@H](C)CC2=CC=C(C=C2)O)O)=C1,CC(Cc1ccc(O)cc1)NCC(O)c1cc(O)cc(O)c1,0
O=C(C12CC3CC(CC(C3)C2)C1)C4=CN(CC5N(C)CCCC5)C6=CC=CC=C64,CN1CCCCC1Cn1cc(C(=O)C23CC4CC(CC(C4)C2)C3)c2ccccc21,1
ClC1=CC(CN=C(N)SCCCC2=CNC=N2)=CC=C1,NC(=NCc1cccc(Cl)c1)SCCCc1c[nH]cn1,0
CCCC(C)(C)C1=CC=C2C(OC(C)(C)[C@H]3[C@H]2CC(C)=CC3)=C1,CCCC(C)(C)c1ccc2c(c1)OC(C)(C)C1CC=C(C)CC21,0
OC1=CC=C(C[C@@H](C(N[C@@H](CCCNC(N)=N)C(N[C@@H](CC2=CNC=N2)C(N3[C@@H](CCC3)C(N)=O)=O)=O)=O)NC([C@H](C(C)C)NC([C@H](CCCNC(N)=N)NC(CNC)=O)=O)=O)C=C1,CNCC(=O)NC(CCCNC(=N)N)C(=O)NC(C(=O)NC(Cc1ccc(O)cc1)C(=O)NC(CCCNC(=N)N)C(=O)NC(Cc1c[nH]cn1)C(=O)N1CCCC1C(N)=O)C(C)C,1
O=C(O)C1=CSC([C@@H]2O[C@@H]3[C@H](CC2)[C@H](COC4=CC(C)=CC=C4)[C@@H](C3)O)=N1,Cc1cccc(OCC2C(O)CC3OC(c4nc(C(=O)O)cs4)CCC32)c1,0
O=C1N([C@H]2[C@H](CO)CN(CC3CCCC4C3CCCC4)CC2)C5=C(N1CC)C=CC=C5,CCn1c(=O)n(C2CCN(CC3CCCC4CCCCC43)CC2CO)c2ccccc21,0
ClC1=C(C=CC=C1N2CCN(CCCCOC3=CN4N=CC(C=O)=C4C=C3)CC2)Cl,O=Cc1cnn2cc(OCCCCN3CCN(c4cccc(Cl)c4Cl)CC3)ccc12,0
O=C(O)C1=CSC([C@@H]2O[C@@H]3[C@H](CC2)[C@H](COC4=CC=CC=C4F)[C@@H](C3)O)=N1,O=C(O)c1csc(C2CCC3C(CC(O)C3COc3ccccc3F)O2)n1,0
CNCCCN1C2=CC=CC=C2CCC3=CC=CC=C31,CNCCCN1c2ccccc2CCc2ccccc21,1
CC1=CC=C(CC(C[C@@]2(CC3(CCCC3)OCC2)C4=NC=CC=C4)N)S1,Cc1ccc(CC(N)CC2(c3ccccn3)CCOC3(CCCC3)C2)s1,0
C1([C@@]2(CCNCC3=CC=NC=C3)CC4(CCCC4)OCC2)=NC=CC=C1,c1ccc(C2(CCNCc3ccncc3)CCOC3(CCCC3)C2)nc1,0
O=C1N(C2CCN(CC2)C3C4=C5C(CCCC5CC3)=CC=C4)C6=CC=CC=C6C1,O=C1Cc2ccccc2N1C1CCN(C2CCC3CCCc4cccc2c43)CC1,0
O=CC1=C(C=C2)N(N=C1)C=C2OCCCCN3CCN(CC3)C4=CC=CC=C4OC,COc1ccccc1N1CCN(CCCCOc2ccc3c(C=O)cnn3c2)CC1,0
OC1=CC(OC[C@H](CNCCC2=CC=C(OCCCC3=CC=CC=C3)C(OC)=C2)O)=CC=C1O,COc1cc(CCNCC(O)COc2ccc(O)c(O)c2)ccc1OCCCc1ccccc1,0
C12=NC=CC=C1C(CC3=CNC4=C3C=CC=N4)=CN2,c1cnc2[nH]cc(Cc3c[nH]c4ncccc34)c2c1,1
O=C([C@H]1CN(C)[C@H]2C(C3=C4C(NC=C4C2)=CC=C3)=C1)N[C@](C(N5[C@H]6CC7=CC=CC=C7)=O)(C)O[C@@]5(O)[C@H](CCC8)N8C6=O,CN1CC(C(=O)NC2(C)OC3(O)C4CCCN4C(=O)C(Cc4ccccc4)N3C2=O)C=C2c3cccc4[nH]cc(c34)CC21,1
OC(CNC(C)C)COC1=CC=CC2=C1C=CN2,CC(C)NCC(O)COc1cccc2[nH]ccc12,1
ClC1=C(C)C(N2CCN(CCCCOC(C=C3N4)=CC=C3CCC4=O)CC2)=CC=C1,Cc1c(Cl)cccc1N1CCN(CCCCOc2ccc3c(c2)NC(=O)CC3)CC1,1
FCCCCCN1C2=CC=CC=C2C(C(C3=CC=C(C)C4=CC=CC=C34)=O)=C1,Cc1ccc(C(=O)c2cn(CCCCCF)c3ccccc23)c2ccccc12,0
OC1=CC=C(C[C@@H](C(N[C@@H](C(C)C)C(N[C@@H](CC2=CNC=N2)C(N3[C@@H](C[C@H](C3)[C@@H](CC4=CC=C(C(C5=CC=CC=C5)=O)C=C4)C(O)=O)C(O)=O)=O)=O)=O)NC([C@H](C(C)C)NC([C@H](CCCNC(N)=N)NC(CNC)=O)=O)=O)C=C1,CNCC(=O)NC(CCCNC(=N)N)C(=O)NC(C(=O)NC(Cc1ccc(O)cc1)C(=O)NC(C(=O)NC(Cc1c[nH]cn1)C(=O)N1CC(C(Cc2ccc(C(=O)c3ccccc3)cc2)C(=O)O)CC1C(=O)O)C(C)C)C(C)C,1
O=C(C1=CSC([C@H]2CC[C@@]([C@@H](/C=C/COC3=CC=CC=C3)[C@H](O)C4)([H])[C@@]4([H])O2)=N1)O,O=C(O)c1csc(C2CCC3C(CC(O)C3C=CCOc3ccccc3)O2)n1,0
FC1=CC=C([C@@]2(CCN[C@H](C)C3=CC=CC=C3)CC4(CCCC4)OCC2)C=C1,CC(NCCC1(c2ccc(F)cc2)CCOC2(CCCC2)C1)c1ccccc1,0
N#CSCC(O[C@@H]1C([C@@H]2[C@]3(C)[C@@H](CC[C@@]2(C)[C@@H](C1)C(OC)=O)C(O[C@@H](C3)C4=COC=C4)=O)=O)=O,COC(=O)C1CC(OC(=O)CSC#N)C(=O)C2C1(C)CCC1C(=O)OC(c3ccoc3)CC12C,0
IC1=CC(CNC2=C3N=CN([C@H]4[C@@H]([C@@H]([C@H](C4)CO)O)O)C3=NC=N2)=CC=C1,OCC1CC(n2cnc3c(NCc4cccc(I)c4)ncnc32)C(O)C1O,1
COC1=CC=CC(CN2CCN(CC2)C3=NC=CC=C3)=C1OC,COc1cccc(CN2CCN(c3ccccn3)CC2)c1OC,0
COC1=C(CNCC[C@@]2(CC3(CCCC3)OCC2)C4=NC=CC=C4)SC=C1,COc1ccsc1CNCCC1(c2ccccn2)CCOC2(CCCC2)C1,0
ClC1=C(C=C2N(C3CCN(C(C4=C(C=C(C=C4)Cl)F)C)CC3)C(NC2=C1)=O)Cl,CC(c1ccc(Cl)cc1F)N1CCC(n2c(=O)[nH]c3cc(Cl)c(Cl)cc32)CC1,0
O=C(N[C@@H](CCCCNC([C@H]1N(CC2=CC=CC=C2C1)C(CCC(C3=CC=CC=C3)=O)=O)=O)C(NCC(C4=CC=CC=C4)C5=CC=CC=C5)=O)OC(C)(C)C,CC(C)(C)OC(=O)NC(CCCCNC(=O)C1Cc2ccccc2CN1C(=O)CCC(=O)c1ccccc1)C(=O)NCC(c1ccccc1)c1ccccc1,1
OC1=CC=C(C[C@@H](C(N[C@@H](C(C)C)C(N[C@@H](CC2=CNC=N2)C(N3[C@@H](CCC3)C(N[C@@H](CC4=CC=CC=C4)C(O)=O)=O)=O)=O)=O)NC([C@H](C(C)C)NC([C@H](CCCNC(N)=N)NC(CNC)=O)=O)=O)C=C1,CNCC(=O)NC(CCCNC(=N)N)C(=O)NC(C(=O)NC(Cc1ccc(O)cc1)C(=O)NC(C(=O)NC(Cc1c[nH]cn1)C(=O)N1CCCC1C(=O)NC(Cc1ccccc1)C(=O)O)C(C)C)C(C)C,1
COC1=CC=C(C(C)=N1)C2=CC=C(C=C2C)OC3=NC=CC4=C3C=CO4,COc1ccc(-c2ccc(Oc3nccc4occc34)cc2C)c(C)n1,0
ClC1=C(C=CC=C1N2CCN(CC2)CC3=CC=C(C=C3)OC(C=C4N5)=CC=C4CCC5=O)Cl,O=C1CCc2ccc(Oc3ccc(CN4CCN(c5cccc(Cl)c5Cl)CC4)cc3)cc2N1,1
CC1=C(N2C(C=N1)=NC=C2)C3=CC=C(C=C3C)N(CC)C4=NC=CC5=C4C=CO5,CCN(c1ccc(-c2c(C)ncc3nccn23)c(C)c1)c1nccc2occc12,0
FCCCCCN1C2=CC=CC=C2C(C(NC34CC5CC(CC(C5)C4)C3)=O)=C1,O=C(NC12CC3CC(CC(C3)C1)C2)c1cn(CCCCCF)c2ccccc12,1
O=C(CCCC=CCC=CCC=CCC=CCCCCC)OC(CO)CO,CCCCCC=CCC=CCC=CCC=CCCCC(=O)OC(CO)CO,0
OC1=C(C2=CC=CC3=C2[C@@H](C4)N(CCC)CC3)C4=CC=C1O,CCCN1CCc2cccc3c2C1Cc1ccc(O)c(O)c1-3,1
NC1=CN=C(C)C(C2=CC=C(C=C2C)OC3=NC=CC4=C3C=CO4)=N1,Cc1cc(Oc2nccc3occc23)ccc1-c1nc(N)cnc1C,0
S=C(C1=C(NCC2=CC=CC=C2)CC(C)(C)CC1=O)NC3=CC=CC=C3,CC1(C)CC(=O)C(C(=S)Nc2ccccc2)=C(NCc2ccccc2)C1,0
COC1=CC=C(C(NC2=CC=C(C(C)(C)C#N)C(CC)=C2)=O)C=C1OC,CCc1cc(NC(=O)c2ccc(OC)c(OC)c2)ccc1C(C)(C)C#N,0
OC1=CC=CC2=C1CC[C@@H](C2)N(CCC)CCCCOC3=CN4N=CC=C4C=C3,CCCN(CCCCOc1ccc2ccnn2c1)C1CCc2c(O)cccc2C1,0
O=C1C(C2C3=CC=C(C=C3)OCC4=CC=CC=C4C)=C(OC5=C2C(CC(C)(C)C5)=O)CC(C)(C)C1,Cc1ccccc1COc1ccc(C2C3=C(CC(C)(C)CC3=O)OC3=C2C(=O)CC(C)(C)C3)cc1,0
ClC1=C(C=CC=C1N2CCN(CCCCOC3=CC=C(CCNC4=O)C4=C3)CC2)Cl,O=C1NCCc2ccc(OCCCCN3CCN(c4cccc(Cl)c4Cl)CC3)cc21,1
ClC1=CC=C(OC(C=CC(Cl)=C3)=C3C2C(N[C@H]4CC[N@@+](C/C5=C/CCCCCC5)(CC)CC4)=O)C2=C1,CC[N+]1(CC2=CCCCCCC2)CCC(NC(=O)C2c3cc(Cl)ccc3Oc3ccc(Cl)cc32)CC1,0
OC1=CC=C2C3=C1OC4C35C(C(C2)N(C)CC5)(C=C6)CC(C(CCC)(C)O)C46OC,CCCC(C)(O)C1CC23C=CC1(OC)C1Oc4c(O)ccc5c4C12CCN(C)C3C5,0
OC1=CC=C(C[C@@H](C(N[C@H](C(N[C@@H](CC2=CNC=N2)C(N3[C@@H](CCC3)C(N[C@H](C)C(O)=O)=O)=O)=O)[C@@H](C)CC)=O)NC([C@H](C(C)C)NC([C@H](CCCNC(N)=N)NC([C@H](C)NC)=O)=O)=O)C=C1,CCC(C)C(NC(=O)C(Cc1ccc(O)cc1)NC(=O)C(NC(=O)C(CCCNC(=N)N)NC(=O)C(C)NC)C(C)C)C(=O)NC(Cc1c[nH]cn1)C(=O)N1CCCC1C(=O)NC(C)C(=O)O,1
ClC1=C(C=C2N(C3CCN(C(C4=CC=C(C=C4)Br)C)CC3)C(NC2=C1)=O)Cl,CC(c1ccc(Br)cc1)N1CCC(n2c(=O)[nH]c3cc(Cl)c(Cl)cc32)CC1,0
CC(C=C1)=CC=C1C2=NNC3=C2CCNCC3,Cc1ccc(-c2n[nH]c3c2CCNCC3)cc1,1
O=C(NC1=CC2=C(OCCO2)C=C1)C3=CC(C(C)(C)C)=NN3CC4=CC=CC=C4,CC(C)(C)c1cc(C(=O)Nc2ccc3c(c2)OCCO3)n(Cc2ccccc2)n1,0
ClC1=CC(CN2CCN(CC2)C3=NC=CC=C3NC)=C(O)C4=NC=CC=C14,CNc1cccnc1N1CCN(Cc2cc(Cl)c3cccnc3c2O)CC1,0
ClC1=CC(CN2CCN(CC2)C3=NC=CC=C3)=C(O)C4=CC=CC=C14,Oc1c(CN2CCN(c3ccccn3)CC2)cc(Cl)c2ccccc12,0
O=C(N1[C@H](C)CC2=C1C=CC=C2)NCCCCN(C)[C@H]3CN(C(N4)=O)C5=C4C=CC=C5C3,CC1Cc2ccccc2N1C(=O)NCCCCN(C)C1Cc2cccc3[nH]c(=O)n(c23)C1,0
O=C1N2C3=C(C[C@H](C2)N(C)CCCCNC(N4C5=CC=CC=C5CC4C)=O)C=CC=C3N1,CC1Cc2ccccc2N1C(=O)NCCCCN(C)C1Cc2cccc3[nH]c(=O)n(c23)C1,0
IC1=CC(CNC2=NC(Cl)=NC3=C2N=CN3[C@@H]4O[C@H](CO)[C@H]([C@H]4O)O)=CC=C1,OCC1OC(n2cnc3c(NCc4cccc(I)c4)nc(Cl)nc32)C(O)C1O,1
OC1=CC=C(C[C@@H](C(N[C@H](C(N[C@@H](CC2=CNC=N2)C(N3[C@@H](CCC3)C(N[C@H](C)C(O)=O)=O)=O)=O)[C@@H](C)CC)=O)NC([C@H](C(C)C)NC([C@H](CCCNC(N)=N)NC(CNC)=O)=O)=O)C=C1,CCC(C)C(NC(=O)C(Cc1ccc(O)cc1)NC(=O)C(NC(=O)C(CCCNC(=N)N)NC(=O)CNC)C(C)C)C(=O)NC(Cc1c[nH]cn1)C(=O)N1CCCC1C(=O)NC(C)C(=O)O,1
CN(C)CC/C=C1C2=CC=CC=C2CCC3=CC=CC=C31,CN(C)CCC=C1c2ccccc2CCc2ccccc21,1
BrC1=CC=C(CN2CCC(CC2)N3C(NC4=CC=CC=C43)=O)C(F)=C1,O=c1[nH]c2ccccc2n1C1CCN(Cc2ccc(Br)cc2F)CC1,0
COC1=C2C(C(CCCN3CCN(CC3)C4=NC=CC=C4)=CC=C2)=CC=C1,COc1cccc2c(CCCN3CCN(c4ccccn4)CC3)cccc12,0
OC1=CC(C(C(CC)N)O)=CC=C1O,CCC(N)C(O)c1ccc(O)c(O)c1,1
CC(C(C1=CNC2=CC=CC=C21)C3=CNC4=C3C=CC=C4)C,CC(C)C(c1c[nH]c2ccccc12)c1c[nH]c2ccccc12,1
ClC1=C(C=CC=C1N2CCN(CCCCOC3=CC4=C(C=O)C=NN4C=C3)CC2)Cl,O=Cc1cnn2ccc(OCCCCN3CCN(c4cccc(Cl)c4Cl)CC3)cc12,0
OC1=CC(C)=C(CC(C(NC(CCCNC(N)=N)C(NC2C(N(CCC(NC(CCCNC(N)=N)C(NC(CC3=CC=CC=C3)C(N)=O)=O)=O)CC4=CC=CC=C4C2)=O)=O)=O)N)C(C)=C1,Cc1cc(O)cc(C)c1CC(N)C(=O)NC(CCCNC(=N)N)C(=O)NC1Cc2ccccc2CN(CCC(=O)NC(CCCNC(=N)N)C(=O)NC(Cc2ccccc2)C(N)=O)C1=O,0
O=C(CCCC=CCC=CCC=CCC=CCCCCC)N[C@H](C)CO,CCCCCC=CCC=CCC=CCC=CCCCC(=O)NC(C)CO,0
O=S(N1C2=CC=CC=C2C3(C1)CCN(C([C@H](NC(C(C)(N)C)=O)COCC4=CC=CC=C4)=O)CC3)(C)=O,CC(C)(N)C(=O)NC(COCc1ccccc1)C(=O)N1CCC2(CC1)CN(S(C)(=O)=O)c1ccccc12,0
O=C1N(CCCC)C(C2=C(N1CCCC)N=CN2[C@@H]3O[C@H](C(NC)=O)[C@H]([C@H]3O)O)=O,CCCCn1c(=O)c2c(ncn2C2OC(C(=O)NC)C(O)C2O)n(CCCC)c1=O,0
ClC1=CC=CC=C1CNCC[C@@]2(CC3(CCCC3)OCC2)C4=NC=CC=C4,Clc1ccccc1CNCCC1(c2ccccn2)CCOC2(CCCC2)C1,0
ClC1=NC(C)=NC(OC)=C1NC2=NCCN2,COc1nc(C)nc(Cl)c1NC1=NCCN1,1
COC1=CC(CCNC[C@@H](C2=CC=C(O)C(O)=C2)O)=CC=C1OCCCC3=CC=CC=C3,COc1cc(CCNCC(O)c2ccc(O)c(O)c2)ccc1OCCCc1ccccc1,0
ClC1=CC=C(CSC2=NN=C(C3=NC=CC=C3)N2CC4=CC=C(C)O4)C=C1C(F)(F)F,Cc1ccc(Cn2c(SCc3ccc(Cl)c(C(F)(F)F)c3)nnc2-c2ccccn2)o1,0
ClC1=CC=C(C(F)(F)F)C=C1CSC2=NN=C(C3=NC=CC=C3)N2CC4=CC=CS4,FC(F)(F)c1ccc(Cl)c(CSc2nnc(-c3ccccn3)n2Cc2cccs2)c1,0
COC(C=C1C(N2CCN(CC2)C3=CC=CC=C3OC)=NC(C4CC4)=NC1=C5)=C5OC,COc1cc2nc(C3CC3)nc(N3CCN(c4ccccc4OC)CC3)c2cc1OC,1
O=C1NC(C(O)=CC=C2C(CNC(C)(C)CC3=CC=CC=C3C)O)=C2OC1,Cc1ccccc1CC(C)(C)NCC(O)c1ccc(O)c2c1OCC(=O)N2,1
ClC1=CC=C(C2(CCN(CCC(C3=CC=CC=C3)(C(N(C)C)=O)C4=CC=CC=C4)CC2)O)C=C1,CN(C)C(=O)C(CCN1CCC(O)(c2ccc(Cl)cc2)CC1)(c1ccccc1)c1ccccc1,0
O=C(C1=CSC([C@H]2CC[C@@]([C@@H](/C=C/CCOC3=CC=CC=C3)[C@H](O)C4)([H])[C@@]4([H])O2)=N1)O,O=C(O)c1csc(C2CCC3C(CC(O)C3C=CCCOc3ccccc3)O2)n1,0
COC1=CC=CC=C1OCCNC[C@@H](C2=CC=C(O)C(O)=C2)O,COc1ccccc1OCCNCC(O)c1ccc(O)c(O)c1,0
CN(C)CCCN1C2=CC=CC=C2CCC3=CC=CC=C31,CN(C)CCCN1c2ccccc2CCc2ccccc21,1
BrC1=CC=C(C(C)N2CCC(CC2)N3C(NC4=CC=CC=C43)=O)C(F)=C1,CC(c1ccc(Br)cc1F)N1CCC(n2c(=O)[nH]c3ccccc32)CC1,0
O=C(C1C(C)(C)C1(C)C)C2=CN(CCCCC)C3=CC=CC=C32,CCCCCn1cc(C(=O)C2C(C)(C)C2(C)C)c2ccccc21,1
C1([C@@]2(CCNCC3=NC=CC=C3)CC4(CCCC4)OCC2)=CC=CC=N1,c1ccc(CNCCC2(c3ccccn3)CCOC3(CCCC3)C2)nc1,0
COC1=CC([C@@H](CC2)CC[C@@H]2N3CCN(CC3)C4=NC=CC=C4)=CC=C1,COc1cccc(C2CCC(N3CCN(c4ccccn4)CC3)CC2)c1,0
ClC1=CC=CC(Cl)=C1C=N/N=C(N)/N,NC(N)=NN=Cc1c(Cl)cccc1Cl,1
O=C1NCN(C12CCN(CC2)[C@H]3C4=CC=CC5=CC=CC(C3)=C45)C6=CC=CC=C6,O=C1NCN(c2ccccc2)C12CCN(C1Cc3cccc4cccc1c34)CC2,0
CC1=CC=C2C(C(N(CC3)CCN3CCCCOC4=CC=C(SC(C(C)C)=N5)C5=C4)=CC=C2)=N1,Cc1ccc2cccc(N3CCN(CCCCOc4ccc5sc(C(C)C)nc5c4)CC3)c2n1,0
O=C(CC)N(C1=CC=CC=C1)C(COC)(CC2)CCN2CCC3=CC=CS3,CCC(=O)N(c1ccccc1)C1(COC)CCN(CCc2cccs2)CC1,1
CC[C@H](C1)[C@@H](C(C(OC)=O)=COC)C[C@@H]2N1CCC3=C2NC4=C3C(OC)=CC=C4,CCC1CN2CCc3c([nH]c4cccc(OC)c34)C2CC1C(=COC)C(=O)OC,0
COC1=C2C(/C(CCC2)=C/CCN3CCN(CC3)C4=NC=CC=C4)=CC=C1,COc1cccc2c1CCCC2=CCCN1CCN(c2ccccn2)CC1,0
O=C1N2C3=C(C[C@H](C2)N(C)C[C@H]4[C@H](CCNC(C5=CC6=CC=CC=C6N5)=O)C4)C=CC=C3N1,CN(CC1CC1CCNC(=O)c1cc2ccccc2[nH]1)C1Cc2cccc3[nH]c(=O)n(c23)C1,0
COC(C=CC=C1)=C1N(CC2)CCN2CCCCOC3=CN4N=CC=C4C=C3,COc1ccccc1N1CCN(CCCCOc2ccc3ccnn3c2)CC1,0
O=C1OC(C(O)=CC=C2N3CCN(CCCCOC(C=C4N5)=CC=C4CCC5=O)CCC3)=C2C=C1,O=C1CCc2ccc(OCCCCN3CCCN(c4ccc(O)c5oc(=O)ccc45)CC3)cc2N1,1
O=C(C1=NC=CC=C1)N[C@H](CC2=CNC3=CC=CC=C32)C4=NN=C(CCC5=CC=CC=C5)N4CC(C=C6)=CC=C6OC,COc1ccc(Cn2c(CCc3ccccc3)nnc2C(Cc2c[nH]c3ccccc23)NC(=O)c2ccccn2)cc1,0
ClC1=CC=C(CCNC[C@@H]2C)C2=C1,CC1CNCCc2ccc(Cl)cc21,1
O=C(NC[C@H](CC1=CC=C(C=C1)O)N(C)C)N[C@@H](C)CC2=CSC=C2,CC(Cc1ccsc1)NC(=O)NCC(Cc1ccc(O)cc1)N(C)C,0
ClC1=CC(CN2CCN(CC2)C3=CC=CC=C3)=C(O)C4=NC=CC=C14,Oc1c(CN2CCN(c3ccccc3)CC2)cc(Cl)c2cccnc12,0
O=C([C@H](CC1=CC=CC=C1)NC(CNC([C@H]2N(CCC2)C([C@H](CC3=CNC=N3)NC([C@H]([C@@H](C)CC)NC(CNC([C@H](C(C)C)NC([C@H](CCCNC(N)=N)NC(CN)=O)=O)=O)=O)=O)=O)=O)=O)O,CCC(C)C(NC(=O)CNC(=O)C(NC(=O)C(CCCNC(=N)N)NC(=O)CN)C(C)C)C(=O)NC(Cc1c[nH]cn1)C(=O)N1CCCC1C(=O)NCC(=O)NC(Cc1ccccc1)C(=O)O,1
ClC1=CC=C2NC3=CC=CC=C3C(N4CCN(C)CC4)=NC2=C1,CN1CCN(C2=Nc3cc(Cl)ccc3Nc3ccccc32)CC1,0
O=C1NC2=CC(OCCCCN3CCN(CC3)C4=CC=CC5=C4C=C(C)N5C)=CC=C2CC1,Cc1cc2c(N3CCN(CCCCOc4ccc5c(c4)NC(=O)CC5)CC3)cccc2n1C,1
C[C@H](C1)N(CC=C)C[C@H](C)N1[C@H](C2=CC=C(C(N(CC)CC)=O)C=C2)C3=CC=CC(OC)=C3,C=CCN1CC(C)N(C(c2ccc(C(=O)N(CC)CC)cc2)c2cccc(OC)c2)CC1C,0
FC1=CC=C(OC(CC2)C(CNCC(C3OC4=CC=C(F)C=C4CC3)O)O)C2=C1,OC(CNCC(O)C1CCc2cc(F)ccc2O1)C1CCc2cc(F)ccc2O1,1
O=C(O)C1=CSC([C@@H]2O[C@@H]3[C@H](CC2)[C@H](COC4=CC=C(C(F)(F)F)C=C4)[C@@H](C3)O)=N1,O=C(O)c1csc(C2CCC3C(CC(O)C3COc3ccc(C(F)(F)F)cc3)O2)n1,0
OC1=CC=C(C(CNCCCCCCOCCCCC2=CC=CC=C2)O)C=C1CO,OCc1cc(C(O)CNCCCCCCOCCCCc2ccccc2)ccc1O,0
ClC1=C(C2=CC(O)=C1O)CCN(C[C@@H]2C3=CC=CC=C3)C,CN1CCc2c(cc(O)c(O)c2Cl)C(c2ccccc2)C1,0
O[C@H](C1=CC(O)=CC(O)=C1)CN[C@H](C)CC2=CC=C(C3=CC=CC=C32)OC,COc1ccc(CC(C)NCC(O)c2cc(O)cc(O)c2)c2ccccc12,0
ClC1=C(C=CC=C1N2CCN(CCCCOC(N=C3N4)=CC=C3CCC4=O)CCC2)Cl,O=C1CCc2ccc(OCCCCN3CCCN(c4cccc(Cl)c4Cl)CC3)nc2N1,1
O=C(O)C1=CSC([C@@H]2O[C@@H]3[C@H](CC2)[C@H](COC4=CC=CC=C4)[C@@H](C3)O)=N1,O=C(O)c1csc(C2CCC3C(CC(O)C3COc3ccccc3)O2)n1,0
ClC1=CC=C(NC(C(N2CCN(C)CC2)=O)=C3)C3=C1,CN1CCN(C(=O)c2cc3cc(Cl)ccc3[nH]2)CC1,1
N[C@H](C(N[C@@H](CCCNC(N)=N)C(N1[C@@H](CCC1)C(N[C@@H](CCCNC(N)=N)C(N[C@H]2CC(C)C)=O)=O)=O)=O)CSSC[C@@H](C(N[C@@H](CC3=CNC=N3)C(N[C@@H](CCCCN)C(NCC(N4[C@@H](CCC4)C(N[C@@H](CCSC)C(N5[C@@H](CCC5)C(N[C@@H](CC6=CC=CC=C6)C(O)=O)=O)=O)=O)=O)=O)=O)=O)NC2=O,CSCCC(NC(=O)C1CCCN1C(=O)CNC(=O)C(CCCCN)NC(=O)C(Cc1c[nH]cn1)NC(=O)C1CSSCC(N)C(=O)NC(CCCNC(=N)N)C(=O)N2CCCC2C(=O)NC(CCCNC(=N)N)C(=O)NC(CC(C)C)C(=O)N1)C(=O)N1CCCC1C(=O)NC(Cc1ccccc1)C(=O)O,0
COC1=CC=CC=C1N2CCN(CC2)CCCCOC3=CN4C(C=C3)=C(C=N4)C=NO,COc1ccccc1N1CCN(CCCCOc2ccc3c(C=NO)cnn3c2)CC1,0
FC1=CC2=C(NC=C2CC3=CNC4=CC=C(C=C43)F)C=C1,Fc1ccc2[nH]cc(Cc3c[nH]c4ccc(F)cc34)c2c1,0
O=C(N[C@@H](C)CC1=CSC=C1)NC[C@@H](N(C)C)CC2=C3C=CC=CC3=CC=C2,CC(Cc1ccsc1)NC(=O)NCC(Cc1cccc2ccccc12)N(C)C,0
O=C(N[C@@H](CCCNC(N)=N)C(N[C@@H](C(C)C)C(N[C@@H](CC1=CC=C(C=C1)O)C(N[C@@H]([C@@H](C)CC)C(N[C@@H](CC2=CNC=N2)C(N3[C@@H](CCC3)C(O)=O)=O)=O)=O)=O)=O)[C@H](CC(O)=O)N,CCC(C)C(NC(=O)C(Cc1ccc(O)cc1)NC(=O)C(NC(=O)C(CCCNC(=N)N)NC(=O)C(N)CC(=O)O)C(C)C)C(=O)NC(Cc1c[nH]cn1)C(=O)N1CCCC1C(=O)O,1
CC(=O)O[C@H]1C[C@H]([C@@]2(CC[C@H]3C(=O)O[C@H](C[C@@]3([C@H]2C1=O)C)C4=COC=C4)C)C(=O)OC,COC(=O)C1CC(OC(C)=O)C(=O)C2C1(C)CCC1C(=O)OC(c3ccoc3)CC12C,0
ClC1=CC=CC=C1C(C2=CC=CC=C2Cl)N3[C@H]4CC(C5=NC=CC=N5)(C[C@@H]3CC4)O,OC1(c2ncccn2)CC2CCC(C1)N2C(c1ccccc1Cl)c1ccccc1Cl,0
C1([C@@]2(CCNCC3=CC=CN=C3)CC4(CCCC4)OCC2)=NC=CC=C1,c1ccc(C2(CCNCc3cccnc3)CCOC3(CCCC3)C2)nc1,0
OC1=C(CN2CCN(CC2)C3=NC=CC=N3)C=C(C(C)(C)C)C=C1O,CC(C)(C)c1cc(O)c(O)c(CN2CCN(c3ncccn3)CC2)c1,0
OC1=CC=C2C=C(C(N3CCN(C)CC3)=O)NC2=C1,CN1CCN(C(=O)c2cc3ccc(O)cc3[nH]2)CC1,1
ClC1=C(C=CC=C1N2CCN(CCCCOC(C=C3N4)=CC=C3CCC4=O)CCC2)Cl,O=C1CCc2ccc(OCCCCN3CCCN(c4cccc(Cl)c4Cl)CC3)cc2N1,1
FC1=CC=C(C=C1)C2=NOC3=C2CCNCC3,Fc1ccc(-c2noc3c2CCNCC3)cc1,1
O=C(CCC(N1[C@@H](CC2=CC=CC=C2C1)C(NCCCC[C@@H](C(NCC(C3=CC=CC=C3)C4=CC=CC=C4)=O)NC(OC(C)(C)C)=O)=O)=O)C5=CC=C(C=C5)OC,COc1ccc(C(=O)CCC(=O)N2Cc3ccccc3CC2C(=O)NCCCCC(NC(=O)OC(C)(C)C)C(=O)NCC(c2ccccc2)c2ccccc2)cc1,0
O=C1N2[C@H](CCC2)C(N[C@@H](CC3CCCCC3)C(N[C@H](CC4=CNC5=CC=CC=C54)C(N[C@H](CCC/N=C(N)N)C(NCCC[C@H]1NC(CCC6=CC=CC=C6)=O)=O)=O)=O)=O,NC(N)=NCCCC1NC(=O)C(Cc2c[nH]c3ccccc23)NC(=O)C(CC2CCCCC2)NC(=O)C2CCCN2C(=O)C(NC(=O)CCc2ccccc2)CCCNC1=O,0
O=C1NC2=CC(OCCCCN3CCN(CC3)C4=C5C(NC=C5)=CC=C4)=CC=C2CC1,O=C1CCc2ccc(OCCCCN3CCN(c4cccc5[nH]ccc45)CC3)cc2N1,1
ClC1=CC=C(C=C1)OC2(C)CCN(CC2)CCOC3=CC=CC=C3C(F)(F)F,CC1(Oc2ccc(Cl)cc2)CCN(CCOc2ccccc2C(F)(F)F)CC1,1
OC1=C2CC[C@H](N(CCC)CCCCOC3=CC4=CC=NN4C=C3)CC2=CC=C1,CCCN(CCCCOc1ccn2nccc2c1)C1CCc2c(O)cccc2C1,0
IC1=CC=C(CSC2=NN=C(C3=NC=CC=C3)N2CC4=CC=CN=C4)C=C1,Ic1ccc(CSc2nnc(-c3ccccn3)n2Cc2cccnc2)cc1,0
C=CCC1=CC=CC=C1OCC(CNC(C)C)O,C=CCc1ccccc1OCC(O)CNC(C)C,1
CN(CC1)CCN1C2=NC(N)=NC(NCC3=CC=CC=C3)=C2,CN1CCN(c2cc(NCc3ccccc3)nc(N)n2)CC1,0
OC(CNCCOC1=CC=CC=C1OC)COC2=CC=CC3=C2C4=CC=CC=C4N3,COc1ccccc1OCCNCC(O)COc1cccc2[nH]c3ccccc3c12,1
O=C(NC[C@@H](CC1=CC=CC=C1)N(C)C)NC(C)CC2=CSC=C2,CC(Cc1ccsc1)NC(=O)NCC(Cc1ccccc1)N(C)C,0
O=C(CN)N[C@H](CC1=CNC2=CC=CC=C21)C3=NN=C(CCC4=CC=CC=C4)N3CC(C=C5)=CC=C5OC,COc1ccc(Cn2c(CCc3ccccc3)nnc2C(Cc2c[nH]c3ccccc23)NC(=O)CN)cc1,0
IC1=CC=C(CSC2=NN=C(C3=NC=CC=C3)N2CC4=CC=CO4)C=C1,Ic1ccc(CSc2nnc(-c3ccccn3)n2Cc2ccco2)cc1,0
BrC1=CC=C(CN2CCC(CC2)N3C(NC4=CC(Cl)=C(Cl)C=C43)=O)C=C1,O=c1[nH]c2cc(Cl)c(Cl)cc2n1C1CCN(Cc2ccc(Br)cc2)CC1,0
CC1=C2CCCC2=C(C=C1)OC[C@@H]([C@H](C)NC(C)C)O,Cc1ccc(OCC(O)C(C)NC(C)C)c2c1CCC2,1
BrC1=CC=C2C(CCOC3=NC(N)=C4N=CN([C@@H]5O[C@H](CO)[C@H]([C@H]5O)O)C4=N3)=CNC2=C1,Nc1nc(OCCc2c[nH]c3cc(Br)ccc23)nc2c1ncn2C1OC(CO)C(O)C1O,0
O=C([C@@H](CCCNC(N)=N)N)N1[C@@H](CCC1)C(N[C@@H](CCCCN)C(N2[C@@H](CCC2)C(N[C@H](CC3=CC=CC=C3)C(N[C@@H](CCC(N)=O)C(N[C@H](CC4=CNC5=CC=CC=C54)C(N[C@@H](CC6=CC=CC=C6)C(N[C@H](CC7=CNC8=CC=CC=C87)C(N[C@@H](CC(C)C)C(N[C@@H](CC(C)C)C(N)=O)=O)=O)=O)=O)=O)=O)=O)=O)=O,CC(C)CC(NC(=O)C(CC(C)C)NC(=O)C(Cc1c[nH]c2ccccc12)NC(=O)C(Cc1ccccc1)NC(=O)C(Cc1c[nH]c2ccccc12)NC(=O)C(CCC(N)=O)NC(=O)C(Cc1ccccc1)NC(=O)C1CCCN1C(=O)C(CCCCN)NC(=O)C1CCCN1C(=O)C(N)CCCNC(=N)N)C(N)=O,1
O=C(O)C1=CSC([C@@H]2O[C@@H]3[C@H](CC2)[C@@H](CCCOC4=CC=CC=C4)[C@@H](C3)O)=N1,O=C(O)c1csc(C2CCC3C(CC(O)C3CCCOc3ccccc3)O2)n1,0
OC1=CC=C(C[C@@H](C(N[C@H](C(N[C@@H](CC2=CNC=N2)C(N3[C@@H](CCC3)C(N[C@H](C(O)=O)[C@@H](C)CC)=O)=O)=O)[C@@H](C)CC)=O)NC([C@H](C(C)C)NC([C@H](CCCNC(N)=N)NC(CNC)=O)=O)=O)C=C1,CCC(C)C(NC(=O)C1CCCN1C(=O)C(Cc1c[nH]cn1)NC(=O)C(NC(=O)C(Cc1ccc(O)cc1)NC(=O)C(NC(=O)C(CCCNC(=N)N)NC(=O)CNC)C(C)C)C(C)CC)C(=O)O,1
ClC1=C(C=CC=C1N2CCN(CC2)CC3=CC=CC(OC(C=C4N5)=CC=C4CCC5=O)=C3)Cl,O=C1CCc2ccc(Oc3cccc(CN4CCN(c5cccc(Cl)c5Cl)CC4)c3)cc2N1,1
O=C1NC2=CC(OCCCCN3CCN(CC3)C4=CC(OCC)=CC=C4)=CC=C2CC1,CCOc1cccc(N2CCN(CCCCOc3ccc4c(c3)NC(=O)CC4)CC2)c1,1
FC1=CC=C(C=C1)C2=NNC3=C2CCNCC3,Fc1ccc(-c2n[nH]c3c2CCNCC3)cc1,1
O=C1NC2=CC(OCCCCN(CC3)CCN3C4=CC=CC=C4OC(C)C)=CC=C2CC1,CC(C)Oc1ccccc1N1CCN(CCCCOc2ccc3c(c2)NC(=O)CC3)CC1,1
O[C@H](C1=CC(O)=CC(O)=C1)CN[C@@H](C)CC2=CC=C(C=C2)OC,COc1ccc(CC(C)NCC(O)c2cc(O)cc(O)c2)cc1,0
COCCC1=CC=C(C=C1)OCC(CNC(C)C)O,COCCc1ccc(OCC(O)CNC(C)C)cc1,1
OC1=CC(CCN(CC2CCCC2)CCC3=CC=CC=C3)=CC=C1,Oc1cccc(CCN(CCc2ccccc2)CC2CCCC2)c1,0
OC1=C(C=C2C(C(CN(CC=C)CC2)C3=CC=CC=C3)=C1)O,C=CCN1CCc2cc(O)c(O)cc2C(c2ccccc2)C1,0
OC1=CC=C(C[C@@H](C(N2[C@@H](CCC2)C(N[C@@H](CC3=CNC4=CC=CC=C43)C(N[C@@H](CC5=CC=CC=C5)C(N)=O)=O)=O)=O)N)C=C1,NC(=O)C(Cc1ccccc1)NC(=O)C(Cc1c[nH]c2ccccc12)NC(=O)C1CCCN1C(=O)C(N)Cc1ccc(O)cc1,1
C1(CC2CCCCC2)=CN(CCC3=CNC=N3)N=N1,c1nc(CCn2cc(CC3CCCCC3)nn2)c[nH]1,0
O=C(NCC)N(CCCN(C)C)C([C@H]1CN(CC=C)[C@H]2[C@H](C1)C3=CC=CC4=C3C(C2)=CN4)=O,C=CCN1CC(C(=O)N(CCCN(C)C)C(=O)NCC)CC2c3cccc4[nH]cc(c34)CC21,1
FC(F)(C1=CC=CC=C1N2CCN(CCCCOC(C=C3N4)=CC=C3CCC4=O)CC2)F,O=C1CCc2ccc(OCCCCN3CCN(c4ccccc4C(F)(F)F)CC3)cc2N1,1
ClC1=C(C=CC=C1N2CCN(CCCCOC(C=C3N4)=CC=C3NC4=O)CC2)Cl,O=c1[nH]c2ccc(OCCCCN3CCN(c4cccc(Cl)c4Cl)CC3)cc2[nH]1,1
O=C(N[C@H]1CC[C@H](CCN2CC3=C(C=CC=C3)CC2)CC1)N(C)C,CN(C)C(=O)NC1CCC(CCN2CCc3ccccc3C2)CC1,0
OC1=CC(O)=CC([C@H](CN[C@@H](C)CC2=CC=C(C=C2)O)O)=C1,CC(Cc1ccc(O)cc1)NCC(O)c1cc(O)cc(O)c1,0
OC1=CC=C(C[C@@H](C(N[C@@H](C(C)C)C(N[C@@H](CC2=CNC=N2)C(N)=O)=O)=O)NC([C@H](C(C)C)NC([C@H](CCCNC(N)=N)NC(CNC)=O)=O)=O)C=C1,CNCC(=O)NC(CCCNC(=N)N)C(=O)NC(C(=O)NC(Cc1ccc(O)cc1)C(=O)NC(C(=O)NC(Cc1c[nH]cn1)C(N)=O)C(C)C)C(C)C,0
CC1=CN=NC(C)=C1C2=CC=C(C=C2C)OC3=C4C(OC=C4)=CC=N3,Cc1cc(Oc2nccc3occc23)ccc1-c1c(C)cnnc1C,0
OC(C=C1)=CC=C1OC[C@H](CNCCNC(N2CC(C2)CO)=O)O,O=C(NCCNCC(O)COc1ccc(O)cc1)N1CC(CO)C1,0
BrC1=CC=C(CN2CCC(CC2)N3C(NC4=CC(Cl)=C(Cl)C=C43)=O)C(F)=C1,O=c1[nH]c2cc(Cl)c(Cl)cc2n1C1CCN(Cc2ccc(Br)cc2F)CC1,0
BrC1=CC=C(CN2CCC(CC2)N3C(NC4=C(C=C(C=C34)Cl)Cl)=O)C(F)=C1,O=c1[nH]c2c(Cl)cc(Cl)cc2n1C1CCN(Cc2ccc(Br)cc2F)CC1,0
CC1=C(N2C(C=N1)=NC=C2)C3=CC=C(C=C3C)OC4=NC=CC5=C4C=CO5,Cc1cc(Oc2nccc3occc23)ccc1-c1c(C)ncc2nccn12,0
O[C@H](C1=CC(O)=CC(O)=C1)CN[C@H](C)CC2=CC=C(C=C2)OC,COc1ccc(CC(C)NCC(O)c2cc(O)cc(O)c2)cc1,0
FC1=CC=C([C@@]2(CCNC(C)(C)C3=CC=CC=C3)CC4(CCCC4)OCC2)C=C1,CC(C)(NCCC1(c2ccc(F)cc2)CCOC2(CCCC2)C1)c1ccccc1,0
CC1=C(N2C(C=N1)=NC=C2)C3=CC=C(C=C3C)NC4=NC=CC5=C4C=CO5,Cc1cc(Nc2nccc3occc23)ccc1-c1c(C)ncc2nccn12,0
CCCN([C@H]1[C@H](C2)C3=C4C(NC=C4C1)=CC=C3)C[C@@H]2CSC,CCCN1CC(CSC)CC2c3cccc4[nH]cc(c34)CC21,0
CC1=NC2=CN=CC=C2N1C3=CC=C(C=C3C)OC4=C5C(OC=C5)=CC=N4,Cc1cc(Oc2nccc3occc23)ccc1-n1c(C)nc2cnccc21,0
FC(C1=CC=C(C=C1)C[C@@H]2NC([C@H](NC([C@H](N)CC3=C(C=C(C=C3C)O)C)=O)CCCCNC(C[C@H](NC([C@H](CC4=CC=CC=C4)CC2=O)=O)C(N)=O)=O)=O)(F)F,Cc1cc(O)cc(C)c1CC(N)C(=O)NC1CCCCNC(=O)CC(C(N)=O)NC(=O)C(Cc2ccccc2)CC(=O)C(Cc2ccc(C(F)(F)F)cc2)NC1=O,0
C1(C2=NNC3=C2CCC3)=NNN=N1,C1Cc2[nH]nc(-c3nn[nH]n3)c2C1,0
OC1=CC=C(C[C@@H](C(N[C@@H](C(C)C)C(N[C@@H](CC2=CN=CN2)C(N3[C@@H](CCC3)C=O)=O)=O)=O)NC([C@H](C(C)C)NC([C@H](CCCNC(N)=N)NN(C)CC(N[C@@H](CC4=CC=CC=C4)C(O)=O)=O)=O)=O)C=C1,CC(C)C(NC(=O)C(CCCNC(=N)N)NN(C)CC(=O)NC(Cc1ccccc1)C(=O)O)C(=O)NC(Cc1ccc(O)cc1)C(=O)NC(C(=O)NC(Cc1cnc[nH]1)C(=O)N1CCCC1C=O)C(C)C,1
O=C(N[C@@H](CCCNC(N)=N)C(N[C@@H](C(C)C)C(N[C@@H](CC1=CC=C(C=C1)O)C(N[C@@H](C(C)C)C(N[C@@H](CC2=CNC=N2)C(N3[C@@H](CCC3)C(N[C@@H](CC4=CC=CC=C4)C(O)=O)=O)=O)=O)=O)=O)=O)CNC,CNCC(=O)NC(CCCNC(=N)N)C(=O)NC(C(=O)NC(Cc1ccc(O)cc1)C(=O)NC(C(=O)NC(Cc1c[nH]cn1)C(=O)N1CCCC1C(=O)NC(Cc1ccccc1)C(=O)O)C(C)C)C(C)C,1
C[N+](C)(C)CCC1=CC=CC(OC)=C1,COc1cccc(CC[N+](C)(C)C)c1,1
O=S(N1C2=CC=C(OCC)C=C2C3(CCC(CC3)OCCN4CCOCC4)C1=O)(C5=CC=C(C(NC(C)(C)C)=O)C=C5OC)=O,CCOc1ccc2c(c1)C1(CCC(OCCN3CCOCC3)CC1)C(=O)N2S(=O)(=O)c1ccc(C(=O)NC(C)(C)C)cc1OC,1
CCOC(N=CN=C1C)=C1C2=CC=C(C=C2C)OC3=C4C(OC=C4)=CC=N3,CCOc1ncnc(C)c1-c1ccc(Oc2nccc3occc23)cc1C,0
O=C(O)C1=CSC([C@@H]2O[C@@H]3[C@H](CC2)[C@H](COC4=CC=C(C=C4)F)[C@@H](C3)O)=N1,O=C(O)c1csc(C2CCC3C(CC(O)C3COc3ccc(F)cc3)O2)n1,0
OC(C1=CC=C(O)C(NC=O)=C1)CNC(C)CC2=CC=C(C=C2)OC,COc1ccc(CC(C)NCC(O)c2ccc(O)c(NC=O)c2)cc1,1
ClC1=CC(NC2=NC=C(C(NCC3=CC=NC=C3)=O)C(C(F)(F)F)=N2)=CC=C1,O=C(NCc1ccncc1)c1cnc(Nc2cccc(Cl)c2)nc1C(F)(F)F,0
O=C(C1=CC=CC=C1C2=O)N2CCC[N+](C)(C)CCCCCC[N+](C)(C)CC#CCOC3=NOCC3,C[N+](C)(CC#CCOC1=NOCC1)CCCCCC[N+](C)(C)CCCN1C(=O)c2ccccc2C1=O,0
ON=CC1=NN2C=CC(OCCCCN3CCN(C4=CC=CC(Cl)=C4Cl)CC3)=CC2=C1,ON=Cc1cc2cc(OCCCCN3CCN(c4cccc(Cl)c4Cl)CC3)ccn2n1,0
O=C1NC2=C(C=CC(CCCCCN3CCC(C4=CC=CC(Cl)=C4Cl)CC3)=C2)CC1,O=C1CCc2ccc(CCCCCN3CCC(c4cccc(Cl)c4Cl)CC3)cc2N1,1
ClC1=CC=CC=C1CN2CCN(CC2)C3=NC=CC=C3,Clc1ccccc1CN1CCN(c2ccccn2)CC1,0
ClC1=C(C=C2NC(C(N3CCN(C)CC3)=NC2=C1)=O)Cl,CN1CCN(c2nc3cc(Cl)c(Cl)cc3[nH]c2=O)CC1,1
FC1=CC(F)=C(C2=C1)NC=C2CC3=CNC4=C3C=C(C=C4F)F,Fc1cc(F)c2[nH]cc(Cc3c[nH]c4c(F)cc(F)cc34)c2c1,0
CC1=CC=C(O1)CN2C(C3=NC=CC=C3)=NN=C2SCC4=CC=C(C)C(C(F)(F)F)=C4,Cc1ccc(Cn2c(SCc3ccc(C)c(C(F)(F)F)c3)nnc2-c2ccccn2)o1,0
O=C(CNC([C@H](CCCCN)NC([C@H](CCCCN)NC([C@H](CC1=CNC=N1)NC([C@H]([C@@H](C)CC)NC([C@H](CCCCNCCCCCCCCCC(O)=O)N)=O)=O)=O)=O)=O)N[C@H](C(N[C@H](C(N[C@@H](CCCCN)C(N[C@@H](CO)C(O)=O)=O)=O)[C@@H](C)CC)=O)CCSC,CCC(C)C(NC(=O)C(N)CCCCNCCCCCCCCCC(=O)O)C(=O)NC(Cc1c[nH]cn1)C(=O)NC(CCCCN)C(=O)NC(CCCCN)C(=O)NCC(=O)NC(CCSC)C(=O)NC(C(=O)NC(CCCCN)C(=O)NC(CO)C(=O)O)C(C)CC,0
O/N=C/C1=C2C=C(OCCCCN3CCN(C4=CC=CC(Cl)=C4Cl)CC3)C=CN2N=C1,ON=Cc1cnn2ccc(OCCCCN3CCN(c4cccc(Cl)c4Cl)CC3)cc12,0
COC1=CC=C(C(NC2=CC=C(C(C)(C)C#N)C(C3=CC=CN=C3)=C2)=O)C=C1OC,COc1ccc(C(=O)Nc2ccc(C(C)(C)C#N)c(-c3cccnc3)c2)cc1OC,0
O=C(C1=CC=CC=C1C2=O)N2CCC[N+](C)(C)CCCCCCCC[N+](C)(C)CC#CCOC3=NOCC3,C[N+](C)(CC#CCOC1=NOCC1)CCCCCCCC[N+](C)(C)CCCN1C(=O)c2ccccc2C1=O,0
COC(C=CC=C1)=C1N(CC2)CCN2CCCCOC3=CC4=C(/C([H])=N/O)C=NN4C=C3,COc1ccccc1N1CCN(CCCCOc2ccn3ncc(C=NO)c3c2)CC1,0
CN1CCCCC1CN2C=C(C(C3=C(I)C=CC([N+]([O-])=O)=C3)=O)C4=CC=CC=C42,CN1CCCCC1Cn1cc(C(=O)c2cc([N+](=O)[O-])ccc2I)c2ccccc21,0
OC1=CC(C(CNC(CC2=CC=CC=C2)(C)CO)O)=CC=C1O,CC(CO)(Cc1ccccc1)NCC(O)c1ccc(O)c(O)c1,1
OC1=CC=C2C([C@@]34[C@]([C@@H](C2)N(CC5CC5)CC3)(CC6)O)=C1O[C@H]4C6=C,C=C1CCC2(O)C3Cc4ccc(O)c5c4C2(CCN3CC2CC2)C1O5,0
FC(C1=CC=C(Cl)C(CSC2=NN=C(C3=NC=CC=C3)N2CC4=CC=CO4)=C1)(F)F,FC(F)(F)c1ccc(Cl)c(CSc2nnc(-c3ccccn3)n2Cc2ccco2)c1,0
O=C(C)C1=C(N(C=C2)N=C1)C=C2CCCCCN(CC3)CCN3C(C(OC4)=C5NC4=O)=CC=C5O,CC(=O)c1cnn2ccc(CCCCCN3CCN(c4ccc(O)c5c4OCC(=O)N5)CC3)cc12,1
ClC1=CC(N2N=C(C)C=C2)=CC=C1C(N3C4=CC=CC=C4CCCC3)=O,Cc1ccn(-c2ccc(C(=O)N3CCCCc4ccccc43)c(Cl)c2)n1,0
CC1=C(CC(C[C@@]2(CC3(CCCC3)OCC2)C4=NC=CC=C4)N)SC=C1,Cc1ccsc1CC(N)CC1(c2ccccn2)CCOC2(CCCC2)C1,0
O=C(CC)N(C1CCN(CC1)CCC2=CC=CC=C2)C3=CC=CC=C3,CCC(=O)N(c1ccccc1)C1CCN(CCc2ccccc2)CC1,1
CC1=CC(OC2=NC=CC3=C2C=CO3)=CC=C1C4=CC=CC5=NC=CN45,Cc1cc(Oc2nccc3occc23)ccc1-c1cccc2nccn12,0
OC(C=C1)=CC=C1OCC(CNCCNC(N2CCOCC2)=O)O,O=C(NCCNCC(O)COc1ccc(O)cc1)N1CCOCC1,0
COC1=CC=CC(CN2CCN(CC2)C3=NC=CC=C3)=C1,COc1cccc(CN2CCN(c3ccccn3)CC2)c1,0
O[C@@H](C1=CC(O)=CC(O)=C1)CN[C@@H](C)CC2=CC=C(C3=CC=CC=C32)OC,COc1ccc(CC(C)NCC(O)c2cc(O)cc(O)c2)c2ccccc12,0
FC1=CC=C([C@@]2(CCN[C@@H](C)C3=CC=CC=C3)CC4(CCCC4)OCC2)C=C1,CC(NCCC1(c2ccc(F)cc2)CCOC2(CCCC2)C1)c1ccccc1,0
CC1=C(C2=C(C)N=NC=C2C)C=CC(OC3=C4C=COC4=CC=N3)=C1,Cc1cc(Oc2nccc3occc23)ccc1-c1c(C)cnnc1C,0
O=C1N2C3=C(C[C@H](C2)N(C)CC[C@H]4[C@@H](C4)CNC(C5=CC6=CC=CC=C6N5)=O)C=CC=C3N1,CN(CCC1CC1CNC(=O)c1cc2ccccc2[nH]1)C1Cc2cccc3[nH]c(=O)n(c23)C1,0
ClC1=C(C=CC=C1N2CCN(CCCCOC(C=C3N4)=CC=C3CCC4=O)CC2)Cl,O=C1CCc2ccc(OCCCCN3CCN(c4cccc(Cl)c4Cl)CC3)cc2N1,0
COC(C=C1)=CC2=C1CCC(C2)CCN3CCN(CC3)C4=NC=CC=C4,COc1ccc2c(c1)CC(CCN1CCN(c3ccccn3)CC1)CC2,0
O=C(NCC1N(C)C2=CC=CC=C2C(C3=CC=CC=C3F)=NC1)C4=CSC=C4,CN1c2ccccc2C(c2ccccc2F)=NCC1CNC(=O)c1ccsc1,1
ClC1=C(C=CC=C1C2CCN(CC2)CCCOC3=CC=C4SC=NC4=C3)Cl,Clc1cccc(C2CCN(CCCOc3ccc4scnc4c3)CC2)c1Cl,1
C1([C@@]2(CCNCC3=CN=CC=N3)CC4(CCCC4)OCC2)=NC=CC=C1,c1ccc(C2(CCNCc3cnccn3)CCOC3(CCCC3)C2)nc1,0
OC1=CC(C)=C(C[C@@H](C(N2[C@@H](CC3=CC=CC=C3C2)C(N[C@@H](CC(O)=O)C4=NC5=CC=CC=C5N4)=O)=O)N)C(C)=C1,Cc1cc(O)cc(C)c1CC(N)C(=O)N1Cc2ccccc2CC1C(=O)NC(CC(=O)O)c1nc2ccccc2[nH]1,0
ClC1=C(C=CC=C1N2CCN(CCCCOC3=CC=C(NC(CC4)=O)C4=C3)CC2)Cl,O=C1CCc2cc(OCCCCN3CCN(c4cccc(Cl)c4Cl)CC3)ccc2N1,1
ClC1=C(C=CC=C1C2CCN(CCCCOC(C=C3N4)=CC=C3CCC4=O)CC2)Cl,O=C1CCc2ccc(OCCCCN3CCC(c4cccc(Cl)c4Cl)CC3)cc2N1,1
OC1=CC=C2C3=C1O[C@@H]4[C@@]35[C@](O)(C(C2)N(CC6CC6)CC5)CC7=C4NC8=CC(/N=C(N)N)=CC=C87,NC(N)=Nc1ccc2c3c([nH]c2c1)C1Oc2c(O)ccc4c2C12CCN(CC1CC1)C(C4)C2(O)C3,0
O=C(C1=C(C)N(C2=CC=C(OCC)C=C2)C3=C1C=C(OC)C=C3)O,CCOc1ccc(-n2c(C)c(C(=O)O)c3cc(OC)ccc32)cc1,0
OC1=C(O)C=C2C(C(C3=CC=CC=C3)CN(C)CC2)=C1,CN1CCc2cc(O)c(O)cc2C(c2ccccc2)C1,0
OC1=CC=C(C[C@@H](C(N2[C@@H](CCC2)C(N[C@@H](CC(C)C)C(N[C@@H](CC(O)=O)C(N[C@@H](CC(C)C)C(N[C@@H](CC3=CC=CC=C3)C(O)=O)=O)=O)=O)=O)=O)N)C=C1,CC(C)CC(NC(=O)C(CC(=O)O)NC(=O)C(CC(C)C)NC(=O)C1CCCN1C(=O)C(N)Cc1ccc(O)cc1)C(=O)NC(Cc1ccccc1)C(=O)O,0
ClC1=CC(OC[C@@H]2[C@@H](C[C@@H]3O[C@H](CC[C@@H]32)C4=NC(C(O)=O)=CS4)O)=CC=C1,O=C(O)c1csc(C2CCC3C(CC(O)C3COc3cccc(Cl)c3)O2)n1,0
O=C1N(CCN2CCC(COC)(CC2)N(C(CC)=O)C3=CC=CC=C3)N=NN1CC,CCC(=O)N(c1ccccc1)C1(COC)CCN(CCn2nnn(CC)c2=O)CC1,1
CC(C)C1=NC2=CC(OCCCCN3CCN(CC3)C4=CC=CC5=C4OCCO5)=CC=C2S1,CC(C)c1nc2cc(OCCCCN3CCN(c4cccc5c4OCCO5)CC3)ccc2s1,0
O=C1NCN(C12CCN(CC2)C3CCC(CC3)C(C)C)C4=CC=CC=C4,CC(C)C1CCC(N2CCC3(CC2)C(=O)NCN3c2ccccc2)CC1,0
O=C(N[C@@H](CCCNC(N)=N)C(N[C@@H](C(C)C)C(N[C@@H]([C@@H](C)CC)C(N[C@@H]([C@@H](C)CC)C(N[C@@H](CC1=CNC=N1)C(N2[C@@H](CCC2)C(N[C@@H]([C@@H](C)CC)C(O)=O)=O)=O)=O)=O)=O)=O)CNC,CCC(C)C(NC(=O)C1CCCN1C(=O)C(Cc1c[nH]cn1)NC(=O)C(NC(=O)C(NC(=O)C(NC(=O)C(CCCNC(=N)N)NC(=O)CNC)C(C)C)C(C)CC)C(C)CC)C(=O)O,1
BrC1=CC=C(CSC2=NN=C(C3=NC=CC=C3)N2CC4=CC=CS4)C=C1,Brc1ccc(CSc2nnc(-c3ccccn3)n2Cc2cccs2)cc1,0
OC1=CC(C(C(CC)NC(C)C)O)=CC=C1O,CCC(NC(C)C)C(O)c1ccc(O)c(O)c1,1
O=C(C1=CC=CC2=CC=CC(C3=O)=C12)N3CC(C)(C)C[N+](C)(C)CCCCCC[N+](C)(C)CC#CCOC4=NOCC4,CC(C)(CN1C(=O)c2cccc3cccc(c23)C1=O)C[N+](C)(C)CCCCCC[N+](C)(C)CC#CCOC1=NOCC1,0
OC1=CC(O)=CC([C@@H](CN[C@H](C)CC2=CC=C(C=C2)O)O)=C1,CC(Cc1ccc(O)cc1)NCC(O)c1cc(O)cc(O)c1,0
FC(F)(C1=CC([C@@H]2C3=CC=CC=C3C[C@H](C2)N(C)C)=CC=C1)F,CN(C)C1Cc2ccccc2C(c2cccc(C(F)(F)F)c2)C1,0
IC1=CC=C(CSC2=NN=C(C3=NC=CC=C3)N2CC4=CC=CS4)C=C1,Ic1ccc(CSc2nnc(-c3ccccn3)n2Cc2cccs2)cc1,0
ClC1=CC=C(C=C1)OC[C@@H]2[C@@H](C[C@@H]3O[C@H](CC[C@@H]32)C4=NC(C(O)=O)=CS4)O,O=C(O)c1csc(C2CCC3C(CC(O)C3COc3ccc(Cl)cc3)O2)n1,0
O[C@@H](C1=CC(O)=CC(O)=C1)CN[C@H](C)CC2=CC=C(C=C2)OC,COc1ccc(CC(C)NCC(O)c2cc(O)cc(O)c2)cc1,0
ClC1=CC(N2N=C(C)C=C2)=CC=C1C(N3C4=CC=CC=C4CN5C(C3)=CC=C5)=O,Cc1ccn(-c2ccc(C(=O)N3Cc4cccn4Cc4ccccc43)c(Cl)c2)n1,0
ClC1=CC=C(NC(C(N2CC(C2)N3CCCC3)=O)=C4)C4=C1,O=C(c1cc2cc(Cl)ccc2[nH]1)N1CC(N2CCCC2)C1,1
O=C1C2=CC(C(C)C)=CC=C2N(CCCCC)C=C1C(NC34CC5CC(CC(C5)C4)C3)=O,CCCCCn1cc(C(=O)NC23CC4CC(CC(C4)C2)C3)c(=O)c2cc(C(C)C)ccc21,0
ClC1=NC(NC2CCCC2)=C3N=CN([C@@H]4O[C@H](CO)[C@H]([C@H]4O)O)C3=N1,OCC1OC(n2cnc3c(NC4CCCC4)nc(Cl)nc32)C(O)C1O,1
OC1=CC=C(C[C@@H](C(N2[C@@H](CCC2)C(N[C@@H](CC(C)C)C(N[C@@H](CC(O)=O)C(N[C@@H](CC(C)C)C(O)=O)=O)=O)=O)=O)N)C=C1,CC(C)CC(NC(=O)C(CC(=O)O)NC(=O)C(CC(C)C)NC(=O)C1CCCN1C(=O)C(N)Cc1ccc(O)cc1)C(=O)O,0
OC1=CC=C(C[C@@H](C(N[C@@H](CCCCN)C(N[C@@H](CC2=CNC=N2)C(N3[C@@H](CCC3)C(N[C@@H](C)C(O)=O)=O)=O)=O)=O)NC([C@H](C(C)C)NC([C@H](CCCNC(N)=N)NC(CNC)=O)=O)=O)C=C1,CNCC(=O)NC(CCCNC(=N)N)C(=O)NC(C(=O)NC(Cc1ccc(O)cc1)C(=O)NC(CCCCN)C(=O)NC(Cc1c[nH]cn1)C(=O)N1CCCC1C(=O)NC(C)C(=O)O)C(C)C,1
OC1=CC(OC[C@H](CNC(C)C)O)=CC=C1O,CC(C)NCC(O)COc1ccc(O)c(O)c1,0
O=C(NC1CCC(CC1)CCN2CC3=CC=CC=C3CC2)N(CC)CC,CCN(CC)C(=O)NC1CCC(CCN2CCc3ccccc3C2)CC1,0
ClC1=CC=C(C=C1)C2=NNC3=C2CCNCC3,Clc1ccc(-c2n[nH]c3c2CCNCC3)cc1,1
FCCCCOCCCC(N(CC1CCN(C)CC1)C(C)C(N2C3=CC=C(OCC)C=C3)=NC4=NC=CC=C4C2=O)=O,CCOc1ccc(-n2c(C(C)N(CC3CCN(C)CC3)C(=O)CCCOCCCCF)nc3ncccc3c2=O)cc1,1
ClC1=CC(CN=C(N)SCCCC2=CNC=N2)=CC=C1Cl,NC(=NCc1ccc(Cl)c(Cl)c1)SCCCc1c[nH]cn1,0
FC(C1=CC=C(Cl)C(CSC2=NN=C(C3=NC=CC=C3)N2CC4=CC=CN=C4)=C1)(F)F,FC(F)(F)c1ccc(Cl)c(CSc2nnc(-c3ccccn3)n2Cc2cccnc2)c1,0
OC1=CC=C(C[C@@H](C(N[C@@H](CC2=CNC=N2)C(N3[C@@H](CCC3)C(N)=O)=O)=O)NC([C@H](CC4=CC=C(O)C=C4)NC([C@H](C(C)C)NC([C@H](CCCNC(N)=N)NC(CNC)=O)=O)=O)=O)C=C1,CNCC(=O)NC(CCCNC(=N)N)C(=O)NC(C(=O)NC(Cc1ccc(O)cc1)C(=O)NC(Cc1ccc(O)cc1)C(=O)NC(Cc1c[nH]cn1)C(=O)N1CCCC1C(N)=O)C(C)C,1
CCC(CC)N1C2=CC=C(C(N[C@@H](CC(C)C)CC(O)=O)=O)C=C2N=C1CC3=CC=CS3,CCC(CC)n1c(Cc2cccs2)nc2cc(C(=O)NC(CC(=O)O)CC(C)C)ccc21,0
OC1=CC=C(NC2=C3CC[N@@]4[C@@H]5[C@H]2C[C@@H](C[C@@H]5CC)C4)C3=C1,CCC1CC2CC3c4[nH]c5ccc(O)cc5c4CCN(C2)C13,0
OC1=CC=C2C3=C1O[C@@H]4[C@@]35[C@]([C@@H](C2)N(CC6CC6)CC5)(CC7)C[C@H]([C@](C(C)(C)C)(C)O)[C@@]47OC,COC12CCC3(CC1C(C)(O)C(C)(C)C)C1Cc4ccc(O)c5c4C3(CCN1CC1CC1)C2O5,0
BrC(NC1=CC=C2)=C3C1=C2C4=C[C@@H](C(N[C@]5(C(C)C)O[C@@]6(N(C5=O)[C@@H](CC(C)C)C(N7[C@H]6CCC7)=O)O)=O)CN(C)[C@@H]4C3,CC(C)CC1C(=O)N2CCCC2C2(O)OC(NC(=O)C3C=C4c5cccc6[nH]c(Br)c(c56)CC4N(C)C3)(C(C)C)C(=O)N12,1
O=C(C1=CC=CC2=CC=CC=C12)C3=CN(CCCCC#N)C4=CC=CC=C43,N#CCCCCn1cc(C(=O)c2cccc3ccccc23)c2ccccc21,0
O=C1N([C@H]2[C@@H](CN(CC2)C3CCC(CC3)C(C)C)CO)C4=CC=CC=C4N1C,CC(C)C1CCC(N2CCC(n3c(=O)n(C)c4ccccc43)C(CO)C2)CC1,0
OC1(CC2N(C(C3=CC=CC=C3C)C4=CC=CC=C4C)C(CC2)C1)C5=CC=CC=C5,Cc1ccccc1C(c1ccccc1C)N1C2CCC1CC(O)(c1ccccc1)C2,0
ClC1=CC=C(CN=C(N)SCCCC2=CN=CN2)C=C1,NC(=NCc1ccc(Cl)cc1)SCCCc1cnc[nH]1,0
OC1=CC=CC=C1CNCCC2(CCOCC2)C3=CC=C(C)C=C3,Cc1ccc(C2(CCNCc3ccccc3O)CCOCC2)cc1,0
OC1=CC([C@H](CNC)O)=CC=C1,CNCC(O)c1cccc(O)c1,1
OC1=C(C=C2C(C(CNCC2)C3=CC=CC=C3)=C1)O,Oc1cc2c(cc1O)C(c1ccccc1)CNCC2,0
FC1=CC=C(CC(N(CC2=CC=C(F)C(B(O)O)=C2)C(C)C(N3C4=CC=C(C=C4)OCC)=NC5=NC=CC=C5C3=O)=O)C=C1C(F)(F)F,CCOc1ccc(-n2c(C(C)N(Cc3ccc(F)c(B(O)O)c3)C(=O)Cc3ccc(F)c(C(F)(F)F)c3)nc3ncccc3c2=O)cc1,0
ClC1=C(Cl)C=C(N(C(N2)=O)C3CCN(CC3)C([H])C4=CC=C(Cl)C=C4)C2=C1,O=c1[nH]c2cc(Cl)c(Cl)cc2n1C1CCN(Cc2ccc(Cl)cc2)CC1,0
CC1(CCCCCCC1)N(CC2)CCC2N3C(C4CNCCC4)=NC5=CC=CC=C35,CC1(N2CCC(n3c(C4CCCNC4)nc4ccccc43)CC2)CCCCCCC1,0
O=C1NC2=C(C=C1)C(C(CO)NCCCCCC)=CC=C2O,CCCCCCNC(CO)c1ccc(O)c2[nH]c(=O)ccc12,1
O[C@@H](C1=CC(O)=CC(O)=C1)CN[C@H](C)CC2=CC=C(C3=CC=CC=C32)OC,COc1ccc(CC(C)NCC(O)c2cc(O)cc(O)c2)c2ccccc12,0
OC1=CC=C(C(CNC(C)(C)C)O)C=C1CO,CC(C)(C)NCC(O)c1ccc(O)c(CO)c1,0
BrC1=CC=C(CN2CCC(CC2)N3C(NC4=CC(Cl)=CC=C43)=O)C(F)=C1,O=c1[nH]c2cc(Cl)ccc2n1C1CCN(Cc2ccc(Br)cc2F)CC1,0
ClC1=C(C=CC=C1N2CCN(CCCCOC3=CC=C4SC(NC)=NC4=C3)CC2)Cl,CNc1nc2cc(OCCCCN3CCN(c4cccc(Cl)c4Cl)CC3)ccc2s1,0
OC1=CC=C(C[C@@H](C(N[C@@H](C(C)C)C(N[C@@H](CC2=CNC=N2)C(N3[C@@H](CCC3)C(N(C(C4=CC=CC=C4)=O)[C@@H](CC5=CC=CC=C5)C(O)=O)=O)=O)=O)=O)NC([C@H](C(C)C)NC([C@H](CCCNC(N)=N)NC(CNC)=O)=O)=O)C=C1,CNCC(=O)NC(CCCNC(=N)N)C(=O)NC(C(=O)NC(Cc1ccc(O)cc1)C(=O)NC(C(=O)NC(Cc1c[nH]cn1)C(=O)N1CCCC1C(=O)N(C(=O)c1ccccc1)C(Cc1ccccc1)C(=O)O)C(C)C)C(C)C,1
BrC1=C2N=CC=NC2=CC=C1NC3=NCCN3,Brc1c(NC2=NCCN2)ccc2nccnc12,1
CC1=C(N2C(C=N1)=NC=C2)C3=CC=C(C=C3C)N(C)C4=NC=CC5=C4C=CO5,Cc1cc(N(C)c2nccc3occc23)ccc1-c1c(C)ncc2nccn12,0
C1([C@@]2(CCNCC3CCCC3)CC4(CCCC4)OCC2)=NC=CC=C1,c1ccc(C2(CCNCC3CCCC3)CCOC3(CCCC3)C2)nc1,0
ClC1=C(C=CC=C1N2CCN(CC#CCOC(C=C3N4)=CC=C3CCC4=O)CC2)Cl,O=C1CCc2ccc(OCC#CCN3CCN(c4cccc(Cl)c4Cl)CC3)cc2N1,1
O=C(N1[C@@H](C)CC2=C1C=CC=C2)NCCCCN(C)[C@H]3CN(C(N4)=O)C5=C4C=CC=C5C3,CC1Cc2ccccc2N1C(=O)NCCCCN(C)C1Cc2cccc3[nH]c(=O)n(c23)C1,0
O=C1NC2=CC(OCCCCN3CCN(CC3)C4=CC=CC5=C4C=CN5CCC)=CC=C2CC1,CCCn1ccc2c(N3CCN(CCCCOc4ccc5c(c4)NC(=O)CC5)CC3)cccc21,1
CC1=CC=C(C=C1)C2=NOC3=C2CCNCC3,Cc1ccc(-c2noc3c2CCNCC3)cc1,1
COC1=CC=C(CN2C([C@@H](CC3=CNC4=CC=CC=C43)NC(C5=NC=CC=C5)=O)=NN=C2CCC6=CC=CC=C6)C(OC)=C1,COc1ccc(Cn2c(CCc3ccccc3)nnc2C(Cc2c[nH]c3ccccc23)NC(=O)c2ccccn2)c(OC)c1,0
OC1=CC(OC[C@H](CNCCOC2=CC=CC=C2OC)O)=CC=C1O,COc1ccccc1OCCNCC(O)COc1ccc(O)c(O)c1,0
ClC1=CC=CC(Cl)=C1NC2=NCCN2,Clc1cccc(Cl)c1NC1=NCCN1,1
O=C([C@H]1CN(C)[C@H]2C(C3=C4C(NC=C4C2)=CC=C3)=C1)N(CC)CC,CCN(CC)C(=O)C1C=C2c3cccc4[nH]cc(c34)CC2N(C)C1,1
CC1=C(N2C(C=NC=C2)=N1)C3=CC=C(C=C3C)OC4=NC=CC5=C4C=CO5,Cc1cc(Oc2nccc3occc23)ccc1-c1c(C)nc2cnccn12,0
O=C(N(CC)CC)N[C@@H]1CN(C)[C@H]2C(C3=C4C(NC=C4C2)=CC=C3)=C1,CCN(CC)C(=O)NC1C=C2c3cccc4[nH]cc(c34)CC2N(C)C1,1
CC1=C(C(C)=NC=N1)C2=CC=C(C=C2C)OC3=C4C(OC=C4)=CC=N3,Cc1cc(Oc2nccc3occc23)ccc1-c1c(C)ncnc1C,0
ClC1=CC=C(CSC2=NN=C(C3=NC=CC=C3)N2CC4=CC=CS4)C=C1C(F)(F)F,FC(F)(F)c1cc(CSc2nnc(-c3ccccn3)n2Cc2cccs2)ccc1Cl,0
O=C1NC2=C(C=CC(OCCCCN3CCN(C4=CC=CC(OCC)=C4)CC3)=C2)CC1,CCOc1cccc(N2CCN(CCCCOc3ccc4c(c3)NC(=O)CC4)CC2)c1,1
BrCCCCOC(C=C1N2)=CC=C1C=CC2=O,O=c1ccc2ccc(OCCCCBr)cc2[nH]1,1
O=C(CNC([C@H]1N(C[C@@H](C1)O)C([C@H]2N(CCC2)C([C@H](CCC/N=C(N)N)NC([C@@H](CCC/N=C(N)N)N)=O)=O)=O)=O)N[C@H](C(N[C@@H](CO)C(N3[C@H](CC4=CC=CC=C4C3)C(N5[C@@H](C[C@H]6[C@@H]5CCCC6)C(N[C@@H](CCC/N=C(N)/N)C(O)=O)=O)=O)=O)=O)CC7=CC=CS7,NC(N)=NCCCC(N)C(=O)NC(CCCN=C(N)N)C(=O)N1CCCC1C(=O)N1CC(O)CC1C(=O)NCC(=O)NC(Cc1cccs1)C(=O)NC(CO)C(=O)N1Cc2ccccc2CC1C(=O)N1C(C(=O)NC(CCCN=C(N)N)C(=O)O)CC2CCCCC21,0
CC1=CC=C(C=C1C(F)(F)F)CSC2=NN=C(C3=NC=CC=C3)N2CC4=CC=CO4,Cc1ccc(CSc2nnc(-c3ccccn3)n2Cc2ccco2)cc1C(F)(F)F,0
CC1=C2C(NC(C(N3CC(N4CCCC4)C3)=O)=C2)=CC=C1,Cc1cccc2[nH]c(C(=O)N3CC(N4CCCC4)C3)cc12,1
OC1=C2C(OC(C)(C)[C@H]3[C@H]2C=C(C)CC3)=CC(CCCCC)=C1,CCCCCc1cc(O)c2c(c1)OC(C)(C)C1CCC(C)=CC21,0
O=C(CN1C(C2(CCN(CC2)CC3=CC=C(C=CC=C4)C4=C3)N(C1)C5=CC=CC=C5)=O)OC,COC(=O)CN1CN(c2ccccc2)C2(CCN(Cc3ccc4ccccc4c3)CC2)C1=O,0
FC1=CC=C(C=C1)OC(C=C23)=CC=C3N=C(C)N(C[C@@H]4CN(CCC4)C(C)C)C2=O,Cc1nc2ccc(Oc3ccc(F)cc3)cc2c(=O)n1CC1CCCN(C(C)C)C1,0
OC1=CC([C@@H](C[NH2+][C@H](C)CC2=CC=C(C=C2)O)O)=CC=C1O,CC(Cc1ccc(O)cc1)[NH2+]CC(O)c1ccc(O)c(O)c1,1
CCC(C1=CNC2=CC=CC=C21)C3=CNC4=C3C=CC=C4,CCC(c1c[nH]c2ccccc12)c1c[nH]c2ccccc12,1
COC1=CC(C(CNC2=C3N=CN([C@@H]4O[C@H](CO)[C@H]([C@H]4O)O)C3=NC=N2)C5=CC=CC=C5C)=CC(OC)=C1,COc1cc(OC)cc(C(CNc2ncnc3c2ncn3C2OC(CO)C(O)C2O)c2ccccc2C)c1,1
OC(C1=CC=C(O)C(O)=C1)CNC(C)CC2=CC=C3C(OCO3)=C2,CC(Cc1ccc2c(c1)OCO2)NCC(O)c1ccc(O)c(O)c1,1
ClC1=C(C=CC=C1C2CCN(CCCCOC3=CC=C4SC(CC)=NC4=C3)CC2)Cl,CCc1nc2cc(OCCCCN3CCC(c4cccc(Cl)c4Cl)CC3)ccc2s1,0
O=C(O)C1=CSC([C@@H]2O[C@@H]3[C@H](CC2)[C@@H](CCCCCOC4=CC=CC=C4)[C@@H](C3)O)=N1,O=C(O)c1csc(C2CCC3C(CC(O)C3CCCCCOc3ccccc3)O2)n1,0
CNC1=NC2=CC(OCCCCN3CCC(C4=CC=CC(Cl)=C4Cl)CC3)=CC=C2S1,CNc1nc2cc(OCCCCN3CCC(c4cccc(Cl)c4Cl)CC3)ccc2s1,0
O=C(C1=CSC([C@H]2CC[C@@]([C@@H](/C=C/CCCOC3=CC=CC=C3)[C@H](O)C4)([H])[C@@]4([H])O2)=N1)O,O=C(O)c1csc(C2CCC3C(CC(O)C3C=CCCCOc3ccccc3)O2)n1,0
O=C(C1=CC=CC2=CC=CC=C12)C3=C(C)N(CCC)C4=CC=CC=C43,CCCn1c(C)c(C(=O)c2cccc3ccccc23)c2ccccc21,0
CC1=CC=C(C=C1C(F)(F)F)CSC2=NN=C(C3=NC=CC=C3)N2CC4=CC=CS4,Cc1ccc(CSc2nnc(-c3ccccn3)n2Cc2cccs2)cc1C(F)(F)F,0
OC1=CC=C2C3=C1O[C@H]4[C@](CC[C@]5(O)[C@@]34CCCN(CC6CC6)[C@@H]5C2)([H])NC(C7=CC=NC=C7)=O,O=C(NC1CCC2(O)C3Cc4ccc(O)c5c4C2(CCCN3CC2CC2)C1O5)c1ccncc1,0
